id,is_iceberg
5941774d,
4023181e,
b20200e4,
e7f018bb,
4371c8c3,
a8d9b1fd,
29e7727e,
92a51ffb,
c769ac97,
aee0547d,
565b28ac,
e04e9775,
8e8161d1,
4cf4d256,
139e5324,
f156976f,
68a117cc,
d9aa7a56,
9005b143,
5f6d3988,
9ad70954,
b9087b9e,
a39a1427,
82fbe8ed,
1fae4879,
6dd8f13d,
bbad5958,
54527583,
be8fa29c,
81a3328f,
1a3c0ab3,
4deeeb8b,
ac6d5632,
472dadb5,
96093f95,
f5b4e3df,
e01a3c92,
001680af,
8e639f33,
a2c16612,
a6d76474,
19c47684,
015827b6,
7df7f7ce,
0bbf1a3f,
636cfbb7,
7370030a,
43aa97ad,
ba2b5e63,
dfdd335b,
e79b13dc,
dc32b195,
6d868590,
75fa59aa,
ffe50836,
a7bfd784,
b3d569e3,
6c538c5b,
5c7c15f4,
0b745139,
fd14608e,
f0bc8305,
a10ccb28,
543304c7,
6c3a4078,
9b73cc75,
5c6c71b1,
09ee9186,
207c35cf,
153c813e,
5605d58b,
642ca396,
d32d72c0,
16646a17,
384074af,
69bf1e8c,
9e90a054,
89dbe7f7,
dbd27d22,
a2ea1561,
d63402af,
1ac8bb92,
8beffca5,
46741f3e,
e5ee6aa7,
5ecd892b,
69892166,
2f725a81,
810abfe4,
e6f973e6,
c60a5c46,
c42b9e08,
c3f00c23,
5307fdb8,
3e4f005e,
4a4cc2e0,
9bdd88d1,
0d832bed,
14a134fa,
78a41676,
0bd4658e,
4a311bb0,
f939c817,
956adc4d,
f8a119f5,
61faa1ad,
6725eb3e,
17b3a8fd,
49a88dfc,
2d6ec645,
0d4d77ba,
3ee672a2,
738b41fd,
f7fb320d,
b42fad18,
4ab8b00a,
f7870f2b,
4978666a,
f1b0d6c7,
5642407f,
36d4ff92,
4139aba2,
7585ce58,
33e25984,
ac46f3c9,
fc34a5b8,
85c36a8f,
b2d8a426,
13ec60d1,
9d440f42,
1c0a891e,
981c3bc3,
295604f4,
16ca16c3,
b4dda837,
88d088ef,
1b4fa160,
f371bd82,
b130a0b7,
ebf1de82,
01e651c3,
51b1fecc,
fa635a31,
97b7d789,
2f598053,
c0e3e148,
cfa175a8,
3d7e09d8,
44a13d1b,
c66b0948,
976a6d64,
8bbd8909,
522890fd,
f23a3b95,
680039dc,
9.30E+57,
22a16932,
7d8126d2,
ba2ecd75,
8071bdd7,
96d5aeee,
154be68f,
d8c2bfe2,
f76d47b0,
0e781ade,
13cf6060,
cd99f710,
d10005bb,
3a31445f,
3157202d,
6ee64703,
e5de8685,
02cc70ba,
50984a87,
fa94957a,
eab406b4,
3ad39398,
9ecf3802,
6048ae7b,
9dc68871,
13701465,
8d8779f3,
0712f269,
722c2597,
478a2b08,
38f5fb41,
c52ad74d,
0c85fd09,
f1582cba,
ff836697,
ddfe4802,
3cef3bc7,
6a21542b,
150e23c4,
078c6d99,
1dcd1dc3,
4.00E+49,
6b6333aa,
4ae61433,
f96362e0,
97a88aac,
427ae8ce,
209d4b15,
64b453bd,
0f5a484e,
5ac74969,
736ed43e,
8533795f,
f5b54fb6,
6eb4c041,
97afdf42,
1bb488db,
f132e44d,
d3c2f140,
1756794d,
9efcc11f,
14c966cf,
59cfe4d1,
883151f4,
34c4c9ff,
70b4c2eb,
96a337d9,
7fe89ffa,
057c7a22,
451cc057,
5076700,
dc52f6c1,
b03a59f9,
129ed4b0,
fb611563,
ac32e6f1,
c05c5ab0,
3163d5ed,
02096ca4,
e92496c0,
1a9e2c50,
0864e334,
d976faeb,
1d7b342f,
281bc1ea,
bea9f0cf,
f4afa0e6,
e1b5ef69,
b50539fd,
2a8c9c15,
157ebb0c,
247d3614,
0c6cc0cb,
aae88d39,
0c77b464,
963cf5ea,
1b371d8b,
225bc00f,
bc0a4eec,
1099782e,
a18feadd,
ad7f4932,
5f8f831e,
b5167c35,
0230b06d,
f8d7f7ba,
08bd1053,
58e4dc8c,
4793ce8e,
304caab4,
f2ee6d7f,
e1f9c0e4,
8e40401c,
5d9eaba2,
55e7562c,
9da6cb4b,
c3c1c8ec,
3b38698e,
6c9eb909,
482a3d1d,
0e9918f0,
ef894fd2,
4b82e7f7,
b9cdd7fb,
94a496f4,
995eacae,
41b02e58,
69f04617,
c889a03c,
91f98acf,
9135c19f,
1f0e9c09,
260d6e8e,
46334397,
f34ddf31,
4d6177d7,
76a57270,
217b8cea,
9a45a566,
1b55c75e,
7bd92ec6,
6c409f41,
df3e48eb,
6.27E+61,
b8e627bf,
86bb5d85,
77e5034c,
6.07E+10,
96879fb4,
6afe606d,
4129802f,
a42300ef,
1af842f5,
3fe57d78,
f4e60ed5,
68c8337b,
914ed5b5,
a6bb5987,
c781c439,
47a1a25e,
80ea0713,
a9d001bc,
f94d098a,
3e230e0e,
24afa485,
bc37db7f,
83f99e4d,
1a8d86f7,
38136419,
d393e637,
36902570,
327f7b25,
3f8543c6,
a0d42a70,
e07ba430,
c6e53803,
fec4dad8,
933fc5ba,
c27eda4e,
9b94d2c2,
a2dbdb31,
816258dd,
81f11218,
c4bd9d04,
c6ce9bf9,
a7b3cc29,
527870bf,
9af26068,
0b591e70,
2b1e57c5,
194db786,
e09ba644,
fa2ed3e5,
1ba92726,
8c8f45b4,
f8889f44,
598e255b,
45f1aa7a,
022956a3,
d406064d,
76617947,
d0e5dccb,
33271da6,
0840e2b1,
521a9f4d,
7286b1dc,
5b6acc2d,
e034cd34,
46577660,
bb4d6f24,
bfc7a3f2,
abc66be8,
3627189f,
e49a77f6,
a209d7ee,
dee69cf6,
9a6261a0,
a8e444c6,
a6a66a28,
db7022ff,
0dfb45d9,
81c983aa,
a98fb5e1,
99e004d7,
d16e5fbb,
3c352f9e,
12202699,
86af0236,
f3703e6f,
4a71dc34,
321edcdc,
e365a657,
45755c9c,
873b0829,
72ccd009,
205243d9,
d9202f36,
9d0c30b0,
56644ace,
c63f527f,
bb84b9bd,
6f68caf0,
8492119b,
71bde48d,
d2d6e2ba,
6f4b309c,
b3cc5ba3,
fee39547,
4893137a,
e283c4c4,
25bac62b,
8fd88dd6,
b48c104e,
221d500b,
8f0de087,
3.23E+07,
a8da99d8,
93203755,
d3c88528,
0d7a17b3,
bd72f5ec,
e953c0fd,
e730b6c6,
c086033a,
a521d303,
b023957a,
3e0f04e8,
60647cba,
2f5c43a8,
b54ba69b,
eac962ff,
7e2a3763,
9362d863,
8f1b833c,
79727ff5,
62614c75,
75a03adf,
cf138392,
bf467a96,
c8b34651,
105a5c54,
bf6de75c,
060702c8,
921bad2c,
e0d17eb0,
9a3825c9,
8eda717f,
78906e0c,
c60100ad,
90a72a52,
d80e4ed4,
339cd0d2,
d99de899,
357e20d1,
a4d190da,
bd226217,
476e2771,
4e483506,
f70ea081,
4645e56f,
e6d05940,
f8b3c6af,
c89d6aad,
0cb57f6e,
86a4be46,
75e62d7e,
ebc36374,
0ebcb731,
24d000c5,
f3c9a4f6,
1bc59730,
47ea0bff,
cdeccfdd,
15e09a1d,
652788,
23649c84,
91188a77,
eaca8580,
4ce9daeb,
d4220673,
b6a87aef,
8333ebed,
950a3453,
7074f6c9,
98a02caf,
59c8d2b3,
d99d13bd,
de86f1cf,
8f4b1985,
a7779b04,
2caeab11,
16aeea7c,
b9d19ab9,
29c5d2fd,
efcefa55,
099161c3,
12b49195,
96a1ce13,
67964b4f,
b61c605c,
bcfc0f16,
bf0cb956,
12f6aa7d,
f36f3a0c,
83490492,
e3b62b60,
20b27d66,
25c3ce93,
67a2ff0b,
9b2d3c1a,
8ad51f7d,
14137b57,
9ea5aa79,
5ea1d2dd,
979c867e,
7ea1e1b6,
d65520ba,
765ad2e2,
d2957326,
2.43E+28,
fd8a2ae3,
b282d98e,
3eaa7a61,
16533dd4,
4adb68d7,
565005b9,
51d86e0c,
30635642,
d9480a60,
b2647128,
20478c55,
caa0d105,
474f4534,
d51e3867,
e5d1bba7,
e7000b2a,
78f06b79,
8a9f4bee,
3d716bbe,
6e1ddef1,
9826f39a,
3fdc82f7,
31f013c3,
97a9df6d,
10e65294,
0bdca1a5,
374037fa,
1d1a0cec,
d415c5ad,
ced1306d,
f43497f3,
ffd13a9e,
6f67148e,
be322b68,
af209b44,
69b53a4a,
4c085180,
608cea18,
f8bebbfd,
ae16855d,
dfc700b3,
e3bdd9ac,
87a8ea20,
3c3da9aa,
76c882d6,
9e429645,
7dc9c990,
f38d53ef,
e1785b6e,
80c673fb,
a8b8c20b,
6a1ff150,
2f68d4fe,
c462ec65,
c374d5c4,
d20769b3,
c467fe4d,
1356229e,
b1532127,
3777ee22,
4ba6023f,
08504ae6,
5e0b4cc5,
249a0c1f,
24b3497f,
9edcf494,
53297290,
6d3a269e,
1b0d38fc,
2747427,
38867253,
c392dbd0,
8939734c,
097ba3af,
30f0f835,
bdab1bcf,
1070a984,
c41b8a90,
86a3b5cc,
d0a3719e,
b1a8067b,
911bc6aa,
67a2d0ac,
11447262,
12fd1375,
f2898538,
0e7355e2,
bc2c87c8,
94001156,
d5855224,
a3c1a552,
edcf54fa,
a28b90eb,
63cd028f,
dbc79657,
bc856bf1,
c7e25a70,
9771b119,
836db0d9,
f5685d3e,
bb04299d,
163a9d23,
5283c614,
2276d5d8,
ccb77e34,
d4a75bf3,
e15f46ea,
992a45ba,
056e7768,
a1dc016b,
38db82cd,
3295f3ae,
a6ff3660,
5981b799,
2636d79d,
7a8521e2,
9b53021d,
0a37be18,
a8676e55,
3488b8fc,
b86d4006,
33888635,
aa9ca5f9,
08faf0f6,
5320cd26,
2c57fdaa,
d467ce62,
888a568e,
88d6c838,
8f138517,
e1108dc0,
9e9cd6c9,
ab893af4,
4d4b30ba,
7ce15e26,
dbc45500,
6a0cde3f,
2658014c,
08d20604,
03c83dc9,
d741ccd1,
992d48b6,
b1ea3253,
da379e69,
73b429af,
2aefe712,
1e3634f9,
069ee09e,
a7970f81,
23084d2e,
ac57710a,
2553267,
0971c6c7,
cdb7f1fe,
d3af3f60,
59daf44b,
c2169934,
da03b56e,
474ea404,
f686cdc4,
f865b354,
106df554,
e5637171,
cba8985c,
cc09c9ce,
0b85b33f,
92f20625,
6b1379dd,
ed2b1df1,
3.25E+09,
7455c944,
fd68ccc1,
8df9100d,
c406df9b,
4978870c,
383f95d6,
aba96bbf,
6bba66b4,
b86fa0c9,
a2abc369,
0b40c014,
d45add48,
193999,
c2f1b710,
53750c72,
3137ef1d,
bc6b8e2a,
7cb546c6,
d59a2349,
04d04b9a,
05ac1343,
2917895f,
342a1d01,
78309e4b,
5c1a5aba,
fae57f79,
23821d71,
5780b19d,
11c67865,
8564f114,
ec7d0fdd,
9a0446b8,
5f5da69d,
7a11839b,
763c9bbf,
15a7b5c5,
e9c7e251,
2555c207,
ec8d9784,
08fd9d10,
9504ae29,
0b91a24d,
e62e6cfe,
5d1291bb,
b3c1f2e7,
c6a8db21,
f2c137fd,
b61e8155,
45b9ee35,
8fe9c49b,
b98ceb09,
70c4a435,
d953d111,
da7de86e,
519f8611,
75eefdc3,
62412092,
de8ec010,
ee6121f8,
412b66e0,
7405c131,
efff4306,
5658d679,
617f88fc,
a120100b,
0971369e,
83f7fe7b,
12437da1,
8e7f96a5,
a08237de,
a013bd6f,
c6fdd404,
317e2af4,
dd9878c0,
42e76a51,
022f77e3,
cada3682,
53074f1f,
e6c19679,
dfb69b8b,
e1572941,
8d549cd2,
6913594d,
6e528fd6,
c8b037c7,
c3b6c880,
9684ac04,
6d974acc,
57b10462,
b2373298,
8e946e10,
6acee7de,
8ad7cc2f,
8e6e087e,
c3e46df5,
f6983f34,
8130a3aa,
0f11be03,
7.66E+06,
e67f6889,
148a0930,
b333ff97,
1c148a28,
ee0b02d7,
fa1c5f6d,
9b12ae1f,
3bb60b1b,
096e7594,
ac98996a,
1b7b9b9d,
61b2ac6f,
2bd414a8,
73d12826,
29f7ec33,
265f8aa8,
0d6be675,
a00ecdf6,
c414328a,
d47de87e,
376f984f,
12a35aa5,
8ecfd739,
2cbc30f4,
aa4bdf31,
69d18f51,
50cd4394,
bda732e1,
8e77e385,
49dfd51a,
b0a3e728,
518061ec,
bb306c8c,
1b2cf099,
e7c405e4,
1fc79c9d,
3427cd60,
8fc604cd,
0981acfd,
512e9c5c,
ae9f2426,
a8cd44c8,
acac91c3,
35988937,
2a2dd539,
3f971e0a,
7e09131c,
82726c59,
ec4c3dbd,
2a851255,
2cebdab4,
013b617b,
21a8603a,
fe2f2579,
df069a3d,
595f7f57,
081bdb0a,
6f8e7b3a,
d1824fe1,
3ddc6778,
57e4244d,
18e2e176,
7394cdbc,
19821b41,
12e9563c,
b96c9ed9,
096d9c1b,
97454a30,
43b6c5d3,
2c58bcc5,
0c71dc02,
f7cd79b0,
922ec513,
561b6b2c,
32913f04,
77aad507,
d62d5a9c,
be70bb3d,
84920252,
b9623d93,
ba925eca,
181ecadf,
6fbcc9e2,
57d5b182,
d3013a36,
21cafb54,
d1a6cc74,
c4017d47,
22e05854,
7eb53ec8,
c77a806d,
c114c951,
71495521,
98bb1260,
546ec108,
78f39102,
26b6379a,
8cb14c23,
75892ee1,
3d31d65f,
30784a7a,
efba2a23,
9fcb2c5a,
9910ee7e,
dc97b587,
7732ca72,
c4bac1f1,
a80ddf30,
fe79c536,
84e34259,
7db3b563,
5e946e6e,
76881bf4,
7c606237,
7aa06d7d,
0d035cbc,
0838e69f,
f6715e39,
499004bb,
4cefc9ec,
ded95f0a,
073112c9,
96cb4df4,
0962de0b,
cea18b7b,
75463cb0,
4a59c201,
29d46646,
e6134ca4,
445ae936,
420d8dda,
bae1b5b1,
9f49327e,
18b52f62,
b02bb341,
e5be8689,
b5b85b95,
b94f72e3,
a79114fd,
502ffafa,
b8e274d7,
e37f8f63,
c8a5c9d9,
d574bf84,
88bc1b71,
3261e3ee,
e65424cf,
706d2090,
94d4c49c,
51ba3d48,
fdd4c395,
12eed563,
f93627e8,
df51a7cd,
c84092af,
514a25a2,
5d421481,
d3859efd,
eb024725,
0d8537a5,
fe708ff7,
1790bbf0,
8a30487e,
70a01d16,
89bb7fca,
398c1300,
41b43c73,
72d2839a,
beeb98cf,
c409f194,
0c654278,
fb155295,
103d1e1d,
6c755ff3,
3722a062,
90611922,
77b432f1,
ccf53246,
4c52089f,
81e05676,
732c51d0,
b60c6094,
2e9db48a,
68cdc732,
e1f9dbd9,
31fd12b9,
72bd3e45,
84e2f1ab,
b4b6d3d0,
874d507a,
44775bac,
83dfaf91,
a9a1cc1e,
227de452,
14519bcf,
970a9821,
e84230ac,
550e4ebc,
5e98d635,
667d386b,
503fefff,
08bcb429,
90c293d2,
bbc84c36,
3facaac6,
e8d1bc63,
0ba50202,
9d947517,
e084ed8f,
7051b370,
910f551e,
8d238915,
e7238f30,
a658f1ba,
0b4e7093,
4d59af79,
99a7b417,
e5798365,
078c699f,
b2cd6017,
89b3960f,
104d981d,
05e410e9,
44556da6,
207e5145,
390ddfc0,
2e82728f,
4245d2cc,
d43a187c,
52b60236,
cc22996f,
bf08f16a,
47dea2c3,
22ac0bab,
49c670ad,
1040e727,
f39933c4,
30474ea4,
73978670,
527ad437,
78f83e41,
12921cf8,
b960192b,
9dfaf61b,
cec954d2,
00bb437f,
06458d98,
37ba4455,
2feeeaf3,
06c83a48,
dfe4fd55,
0b7fb9da,
52d1ae5f,
0ef51267,
0d9822ce,
bcad7099,
a26a7454,
93b7cc9d,
dcd0ddc6,
16655d5c,
2a6150ae,
601fa9bc,
3644a31b,
396254ec,
b01bf536,
ff13313c,
18c308c7,
50b69cc6,
76bd6e6a,
74c587bb,
11b26a63,
bf2bc384,
075634d5,
7b1e388b,
8eb02fc2,
5b09ed4a,
371b935e,
7a1cbaab,
c5c72595,
c5ea95c0,
a5b61d35,
2c252c46,
7d8e52d9,
13fe65d5,
a3d2abc6,
9248daa9,
605470fc,
38717ccd,
1144cbd0,
6d32e09b,
89b138f7,
a83f69a4,
68b7f89d,
a0998397,
7e20006f,
93b12419,
475c5a35,
67f42c90,
45a114e0,
41a59ee9,
6c2c6a39,
9f840a7d,
2ad5ee96,
cb8b875e,
2283d088,
545f8210,
7eeed38a,
be77b9e7,
16ec40a3,
b7e74bcf,
8a36acfd,
d2e5b493,
bd88797b,
78566a26,
32449528,
5f6ffdad,
38bdc33c,
f88a9ed3,
c1fe2103,
63f7ddd9,
97e123d2,
7d078228,
6b43e60f,
e07665a4,
4da0c147,
1d2474a1,
f39a3050,
aaeb3f89,
daa3d1e9,
23cad3ed,
dc8fd92d,
994a2787,
5009ce8c,
95ba90c7,
bb176f20,
57ccd603,
c3767f5b,
076492b4,
68864007,
fb124dd7,
c59fbfc0,
ddce9f51,
c459dbf6,
1a39b44e,
a31f8519,
29ff4d55,
c0a87a44,
aa07ea34,
ed7b77f3,
ccb10918,
aba1f2cc,
0c4b7ce6,
26a29fae,
6a1a9b91,
fda0d9b3,
2f7da2f9,
948317c5,
df315de0,
51762e5e,
9be1f9d4,
b20f16ca,
24f677ab,
19d36f67,
db098e36,
3ab323b5,
db204654,
f0b7c362,
9c36083a,
2.47E+50,
99064331,
fb023b97,
834a13a2,
b4fb7c3b,
cccc91e5,
e777f5c4,
8a367850,
01aee49b,
09a3f3cb,
b7837a99,
0e5c18fe,
433d92a6,
d8c1c90e,
5cf350ea,
9e6adfeb,
398c373b,
8e1cb96b,
c0ab7de5,
b7519f43,
54d7929f,
222a4407,
4cd8d439,
ac31d9e4,
0c51475f,
926b4b5d,
3072aeb4,
5508aabc,
7ff080c1,
c8137158,
73f4c54a,
0ab19c8d,
57c090c7,
b3f4d7c8,
d4a81cf9,
497c4ff8,
8949311b,
d4f17d1d,
cbd015d6,
4ff7d773,
5950d2f6,
f0b4c564,
4.73E+91,
2c9b195c,
04c441b0,
9f1e2246,
3bf56119,
385033f6,
1e14e9eb,
4ec14d05,
d16ffa50,
6f2147d7,
13540275,
280aaa6c,
63d6fcf6,
e1130afc,
8915b349,
02cb6179,
816084ef,
e83e27ef,
9928b6cb,
398c44d5,
4e9944c8,
ade738c7,
df106f1f,
707c42f2,
c7d6c968,
2f62a2d3,
58a62136,
8e16308d,
10d97d10,
862a2dd5,
45d7cd09,
daef67d6,
40b9f916,
c17dc729,
d008e04f,
a5a6fe15,
e9ce7834,
518a5aeb,
fd6e49ab,
35ef2d54,
be1f3e73,
013825b7,
c48b752b,
a0f39ace,
800aff52,
e0eb259a,
404bdcc5,
9be770cc,
e002bdfa,
511f8764,
d41e40d8,
ff846aa6,
c261a419,
c3358fec,
62972972,
3f15e6a3,
f239dd72,
e9d815ef,
568085b5,
80708782,
a578b01b,
04b81012,
3fbd3a3e,
536bc047,
6905e82d,
352b0ab0,
205506f4,
b4075da1,
0132c59d,
5c471255,
b9ee0383,
aee38fe1,
93eda776,
d65ee363,
7e6785d9,
c006cf82,
197f9050,
efce51fc,
d8dd1b33,
ca5bae71,
66eba58c,
e080fee1,
9626a2b5,
c0298b7d,
80f17a8d,
fefe71e5,
92a45990,
8e922071,
d5952199,
3c56cf59,
5b677f30,
7.10E+89,
ee110bda,
e7b4d317,
f59f29f5,
3d1e179e,
4e9c76d9,
5b5d407e,
bb4d8184,
5f5ad493,
a304ae2e,
ac337f79,
e00e495a,
71477bcf,
22ed2916,
05fdb1ce,
4c5e56dd,
fab2df1f,
afe6a1d1,
fa03ba13,
663dd2bf,
5d3aa488,
11d63814,
11ac5623,
dd28b028,
bf244975,
6a2fe659,
bd689e7a,
a7b21484,
6626706,
2fcb2613,
1ee7f506,
c462096f,
59b91711,
148ad313,
a04c148d,
142d14f3,
0dccef06,
bf9dea3e,
121ec728,
25ea1800,
024bed49,
771a9bc9,
8b2562e0,
fefe0db6,
a6cc8fa1,
fe33ce5b,
c11a6fd5,
69152132,
dd54beb5,
46d8944e,
f278cc6a,
9cba91e4,
37e80ad8,
6247d06a,
0bb564ea,
f8802638,
cb77c1d4,
edcad79c,
ade84952,
e9a4a8f7,
8c3c9c0b,
c105af7a,
64a96816,
d435722b,
f8c2c17d,
30b0c5a1,
a241eee2,
577af3a1,
b1e49a9f,
49eff60f,
171ffc36,
2dbb2931,
851f9ad8,
ef787241,
3ed46d9b,
61a96458,
a0eb8b65,
8058e7e7,
5d0969c3,
06dc5d13,
614d8fdf,
068ace8d,
55bd7491,
59db8d78,
ee9ba395,
3833c332,
f9c56480,
35041821,
67426d52,
f2eba496,
cfc6b272,
be6e6157,
060762c6,
28e5c819,
165b73a3,
1a16ebf2,
c76353ea,
c56aab52,
19ba105e,
4ccf1d67,
d3f00ca5,
dc366696,
11ddfec4,
71036847,
9108a260,
812d2c7d,
601d54b4,
2a21ddce,
e03f632f,
27c1c4f4,
9929fc67,
cc5b496e,
9ec5c0b5,
5fa292a8,
d0e35d53,
cfc89ddf,
fd3916f4,
019ab715,
d0a7830b,
2e1acd63,
c5810152,
8dae1e77,
afe44c59,
ac640b5a,
5c47f5bc,
2e5e1053,
e30d5450,
0de92cf0,
e97daf2c,
5bcc2bf5,
d347d81e,
2799f5cd,
ce4b96f7,
a6365299,
6eb86fb2,
d1384eb4,
66c3ab6a,
9be981c9,
e5fc3dd4,
fd3f01fc,
5fbb0aa0,
6968f510,
7509aad8,
9cf9c8ce,
157c589d,
fcc51d2f,
6852ee69,
8a388b27,
e3b1fdd6,
1d644f91,
893a7d79,
9ef2d53f,
eaea1243,
2d210670,
b04329c3,
1d88e97d,
e5c8ae65,
841810cd,
187a1e4b,
24f8bc83,
071678c5,
3121517d,
62db6263,
4b6fe0a5,
016588cd,
e47db8cd,
6009575c,
59d093d3,
b3edce17,
77cb2808,
b318189f,
eb804bc3,
27af98c1,
75bbd171,
26a7450a,
9f96c645,
f295285a,
1861ae59,
320e2661,
48b64c84,
596115ad,
24c5d2ad,
5.13E+09,
679ca3d6,
550511fc,
33ad621e,
a7cd4c8b,
942ce002,
4a33d600,
52512da4,
199d9dd5,
910c7a11,
2dc4b47e,
067c0baa,
66ec0485,
93e203f1,
1eae71e0,
9a320603,
97c75edc,
e3a3993c,
3647606,
b5758e75,
cb341897,
80a1d2ad,
f2afc45e,
e2e037d3,
d8513bb1,
2bb05740,
568eee1e,
48073219,
52770a14,
bb78aa77,
d2041d74,
0c650b7b,
3ed634b4,
4e7ef4d3,
dc676914,
9ef182ba,
19456254,
45c7e999,
1e5f187e,
8372c5dc,
0a113574,
22ac144f,
82a0baaa,
fb9c0a38,
586d1724,
42491e8b,
32d8d667,
2d658824,
79e58200,
50e426df,
71d908c0,
1f275072,
a1bb2901,
6c99ed0b,
d8216f4c,
ebb34ef7,
0a71e0d1,
3bebe07a,
0de67b1a,
7409fd1a,
1e27c8fd,
65cfde78,
ab7841b4,
f5064f4e,
57457484,
5492eb34,
78dfcd52,
7dcfa04d,
0f7ccad8,
730b2296,
c1f05b03,
265ced3a,
92f976d4,
2ac16805,
b2de0386,
898f0d27,
b6d290df,
64bc67c4,
e54ee68e,
5f14e447,
9c736f77,
328fd096,
e8e9dfc3,
a3a85eeb,
d4b96d3f,
bb255043,
8696136a,
be23ea08,
777d00a2,
bc8d3476,
f6f8857d,
c57f13ef,
7aa6b7a3,
512c569c,
48b1c243,
75ff94ee,
c60f051c,
032b1bda,
77531032,
6210232,
d7418c1f,
e2e957ba,
566b0a76,
7c6691b5,
990a0ecd,
16914cc9,
e78a6709,
98aa34a8,
1908cc60,
81946709,
2fd07377,
d5c0e0d7,
58ec0c92,
3aeb362f,
147d59ab,
e0829262,
8b86d83e,
9a350af0,
aba1b542,
b0112ad5,
4ea094c0,
74964450,
e4a06bc9,
245ef22c,
8.28E+06,
fcbdad05,
50ff69e1,
28cf2057,
8ede8c69,
323458ef,
3c002c59,
24e5b88f,
a09d9139,
d0b1be68,
bcd22f87,
f90b1c41,
f14f533a,
acfaa4ff,
78e7617b,
febe6575,
5cd96fb8,
88027f9c,
388dd3bb,
8e6cf4d3,
0b2daf85,
63f51c56,
5b6305ad,
241c50cb,
495a6ed2,
b04bf998,
c55e7096,
2c9d1b48,
e20a003b,
33725817,
fe05fc09,
b9022c8f,
b5abb620,
e62b3eb0,
95812205,
209f8e41,
9bb3cd44,
86bf6810,
919cb6af,
8cabc104,
ca5fec7b,
01e7f145,
d2826f8e,
e584f028,
4bdcb525,
6b2bc3e9,
7a523e74,
1c3a420c,
8b383772,
c420c42d,
f0326766,
d67ae313,
7a00e52a,
fd60ce30,
d0de0afb,
5dab3243,
e82b326f,
96ca682f,
e7ba2cd2,
47f2fbed,
faac6b8d,
2eb785f3,
95f440be,
e735e243,
bd83f233,
e2315156,
7945467,
256daf6a,
70801a8b,
518578cb,
5e630a80,
b2df2187,
ff32d7dd,
5144d458,
f9f973c1,
ac65b2c5,
e5cece41,
cc9ca990,
2b771726,
fcea895a,
fd477a03,
4aa26de8,
9a842704,
b1bb19c4,
fc46a862,
e43d659f,
f344be4c,
31671342,
4d67ed4e,
1dd1c8e2,
ab08e37e,
c2924cd3,
fde48cdb,
3c7c170d,
ebeedf33,
6235d8b4,
73a8162b,
b37e2349,
0dbc58b1,
14741b3d,
fe1f82c2,
9a75c053,
581d8a32,
eedeabd8,
2208fecd,
b68c71e6,
dea2cdb7,
ff3401e1,
5ccfa32c,
15370256,
d81a82c6,
c78671c6,
7fbf3fc8,
de8159e7,
efcca249,
c3cdfd7c,
1fbae11c,
a78197b9,
9510487f,
11f770cd,
d2401c84,
781d4a78,
236f4be5,
df56ab4b,
ea825acf,
cf992e29,
66750962,
fa423857,
d6889deb,
e62ff090,
47acfd80,
b9f5efc5,
1a2a1f7f,
e8067065,
db61755b,
c97e4c01,
02538d0d,
9930fe8b,
1e053314,
247e0650,
a4eb05bf,
66ea133d,
3220362c,
67162075,
5af75025,
5dd87bb9,
010dc181,
40dbd0a9,
0c10fd9e,
39c38975,
20f60e12,
4fb6e67f,
d7d3e9fa,
787d0e9a,
7d92a013,
65f79253,
a20dfd11,
c04f50a0,
a007e147,
80e35877,
e3631e6a,
684fd7ec,
9dbdb2b8,
1768e4bb,
d84884d6,
838a14ae,
6e007f95,
6e0c3725,
d4c5252a,
209cba64,
1df44a05,
d925c0cc,
85981d62,
18b93e7f,
4936bb64,
d57686b7,
0d6d23b5,
3859bfa4,
2cfddca9,
32eebbf8,
79c40371,
f7f432f6,
d50e3a56,
b63bbdee,
de327375,
43a0d395,
db465006,
44809656,
3c72f288,
3f449132,
ec5d4a58,
49d62856,
b80fb15c,
368e304e,
f19bdd74,
b55e823c,
89dd11b9,
4286352d,
4b10a9dc,
3bdbb13c,
7e9f355f,
f420301b,
4e3c03ff,
3227e0ba,
d12d7771,
6616970c,
186ea788,
42867a33,
7ed03e02,
f24ce309,
18d7021a,
9a18807f,
a94b079b,
255c4f02,
93ba10ba,
95567789,
bb09a45b,
a972a7db,
2bd5da67,
7a43c51d,
29adcf10,
6742855f,
d20e49b2,
9f81771e,
de27fefb,
d18f6f0e,
69973737,
76509472,
57157f35,
72f5cc06,
19982389,
4ed21d3b,
5a0ca890,
65ea29c4,
b4f11fb6,
8836e0c8,
30456db6,
1.92E+73,
8baa045a,
bfc86919,
2f93bac6,
c44960f2,
b660e80e,
76411374,
839bbcfe,
bc8c483e,
d9577013,
b47fc3d2,
a57ef2a1,
d6908d52,
99814ee7,
0b6c4509,
095f1797,
7dd828c0,
764b4e82,
91ef8a0c,
a91ee052,
a01318ab,
325ad084,
2ceb258a,
a969eea6,
1a538ed3,
65e14f46,
77c165c3,
14c60c1d,
6.30E+13,
8d7026fa,
13964a63,
d0155b0f,
46afff48,
4868f534,
26743a5c,
ad50aaf3,
89cc4fce,
7.16E+11,
3d28a858,
ba36851a,
51ecc6ab,
b1ec4727,
040c5d78,
a8a77c55,
32f51fe6,
8ef7a06b,
838fafac,
7d0b89b1,
7d9636c4,
8d37529b,
5fd612ad,
323ca98d,
842d7d88,
c7529197,
3235b7ca,
2436a25b,
e6d8d670,
1c5a5a1f,
1c1d6c80,
9579aa49,
aeb95ac9,
db172beb,
ae2a516d,
63e579b1,
a49b42ff,
99fb914f,
d86b48d1,
6bca064a,
d3bc5515,
ded30e1d,
d88e4b44,
6f688a3c,
a98dcb63,
6d9d1eca,
51924408,
a8f910bb,
7f12814f,
cdcdc401,
5dea100e,
04738deb,
e4064b10,
c84df9ea,
ba8130e2,
7535f0cd,
c915f66c,
f0c360e7,
fed2396a,
5d58a277,
21279402,
873d8adc,
2fb68d77,
8fb1a67b,
fe8c6150,
c00db5d4,
2e3a38d3,
38464042,
58d4e224,
a7bfbc2a,
9cdcf947,
6c610fd4,
50fd58f2,
b093a813,
28f4e51e,
2d01ecdc,
290992c4,
e0f83a9b,
7cdbe05e,
2a33464b,
84521f2c,
a1d7e535,
f77a2b74,
f2c5216a,
b516302a,
564266ec,
56d23ee0,
8c9971b5,
fe75e357,
cfab3237,
f7258c56,
e79cb5cf,
efbb58a0,
ff8d6575,
cf6d0221,
b057a3cf,
d7aa3d66,
db1b3f2d,
9cfd7cd3,
0dc59065,
f2742949,
cfa8905d,
6bc7bb68,
df228195,
92b3fd07,
99181903,
17b47421,
54c58af0,
c533141a,
3a89f639,
2b9438cd,
de0fc4ea,
d0b4812d,
5ab3daa8,
3a205fb9,
81d06d13,
5b155890,
b7332f47,
13a49895,
a9dcaf7e,
daccb199,
0a31aaec,
effc32ab,
b9b1d1ae,
837567b0,
76364052,
614324a1,
3b20239f,
49054d2e,
59eea5d5,
eaa8408c,
3b3369f8,
06f7cf48,
99cae923,
c2b732c8,
5652b0eb,
033f2509,
d32b7520,
86bfefc7,
3279d1d5,
22221e9d,
9bdc1896,
49fa8e72,
d911954a,
16fcc6f5,
b5e8f248,
10f410ba,
fb702ee7,
a162448e,
2e757023,
877bcc05,
0dfcd873,
c4e06675,
a1c03878,
d187d757,
9.68E+13,
7fe478cb,
d43aa540,
964acdef,
d7ecc1b7,
a5b32893,
5b68a817,
8f374224,
8deced1c,
c5959db1,
d3c61d2b,
f4cb6420,
18b8670f,
777d03d6,
57b18759,
4843496a,
6156c963,
73165630,
53c49cf8,
1f2e9806,
5addc113,
35d2fbc5,
3a451e5b,
59b9eb6e,
f8669a86,
fa3ff835,
6e7e427b,
8b05e1a1,
ad3727d3,
8965e560,
821e0c31,
2b33b417,
acc4dd50,
4a0a5cd5,
21aa40fc,
1d91bf6e,
923910f8,
54c012c3,
00d366d6,
278627ff,
1372a58e,
4b4247a5,
0c496d3a,
d6774ba7,
814bc35f,
36497217,
c9a9bb5b,
ac07e085,
f806ebf1,
bd9dd604,
3679bbf9,
db1343a0,
679dd63b,
43eebf55,
74e2d160,
e09bc632,
1b2227be,
989685c7,
05ba66d2,
ed366c4e,
954f4238,
21f4f395,
127bda37,
ca5c432e,
4429971a,
a6179f95,
d0d5165e,
fe3f7d13,
66be84a3,
154d8985,
2.73E+09,
6c37d4ca,
69a6b224,
9d37a1ab,
5998bcf9,
1198c02c,
9b7c82ed,
4b335d8a,
9655bde5,
2df55cab,
97c45082,
a8ad8cd3,
591b8504,
4cfc4b39,
cf87475a,
ea222d2d,
f1266956,
c3bf1074,
92633d3e,
bfe11458,
f142d550,
3942109,
9381009e,
db9508e8,
dc61215b,
d7b962ae,
ac883af0,
a18d0c4a,
4b656126,
6adfd15a,
5ebfa034,
3363e0db,
852a432a,
6fa80d7a,
569c4651,
57422abf,
64c1438f,
0f7a771a,
cf68a502,
ebc580bb,
17d13500,
f1565d79,
e5ac1d27,
62339204,
49807b4a,
8935c7e2,
a561f2b4,
4387235,
04aac344,
54063004,
1b5e08dd,
6968282d,
281524f9,
fd553fc8,
e45f0b13,
b34a4ca2,
0dcd8be5,
c90f547a,
4c34de66,
a47f4d0f,
2a317a41,
b64c8598,
2bdbb188,
ccc89b62,
645ba2a0,
09e8a5e5,
be3a1e7a,
92d0180c,
2e8ae485,
007f8195,
2bc2e785,
baed3d4d,
fe9848ab,
426619f5,
6d129e11,
906e6124,
d96aba17,
2d18a140,
4b6c1a2b,
da62caad,
5a0cfeff,
befbb68e,
cad3b152,
d79fa5f7,
7462cddb,
0097d47d,
68d6335c,
9f81549c,
638d49b9,
51a50ebd,
95131535,
3c470d57,
845a97f7,
feed4566,
fb6a5915,
4d47e42c,
930bcf1b,
69aa8b45,
14c07f0b,
90e44340,
1b8f6a9e,
3552689b,
087c5094,
087e1232,
321e2099,
e08939b8,
e624f417,
93291138,
9c3c7962,
56c42675,
736c4009,
6a203662,
7e4ad586,
3aa99a38,
8c74137b,
b4181d37,
fc80eb35,
64e1b981,
1286ea75,
7d276b6e,
a386d706,
ec149576,
cd93b8c8,
a534e7e7,
ac9eb453,
90076078,
2cc7deb1,
8a1d8803,
ed549ef5,
52f93bc4,
87b26c7e,
8b4b736a,
51f1f1c1,
7ccb045d,
fc6879b6,
af01f762,
95e519dd,
7e83b19b,
a14f35c8,
a61cadc3,
1b769b14,
80c3cbdb,
843612fe,
59fcb7e0,
529593d3,
5898a695,
081c5fef,
517c5fab,
4daf7af0,
85b02f43,
2773053c,
8fbc896a,
3d6d6648,
bb671f69,
5332d0ac,
efdf6eff,
1f3e21c9,
4060450c,
1cd8282a,
22807879,
a30f4fb7,
2560cee9,
f85dfff6,
6fe4f47e,
69d6387a,
98842917,
fcc96959,
7e26baf0,
4d609734,
c96d08d2,
11b14d14,
22b68133,
65cb30aa,
80967ba7,
b54aef48,
020dfbda,
4de9c502,
e9f4af18,
04c7c4f2,
1ffbf411,
cc57c57b,
15373a40,
a992225a,
fbaf302b,
8339a6ca,
29d824f7,
659f11a0,
88fb9b4e,
db2d689d,
18da6fdd,
0c16c0ce,
7b7da3de,
a44e0e0f,
490e3fb1,
0ffe1475,
27efabd7,
3dcdfda3,
637da450,
16b64b9d,
c76b1927,
9126c78e,
ceea2fdf,
371c75e1,
dd09f50d,
73674456,
68d33c24,
f703b77f,
732d6b4f,
5085b269,
f42e8155,
7fd58dbd,
22666426,
4bae16b9,
a5953b7b,
720ddece,
e4fc697d,
e2e1df27,
42a1cc87,
7cd4c795,
912c11aa,
619f82b2,
a883693e,
6b810953,
7b8ec14a,
ce40c72a,
88d0e09f,
5be97bce,
26014fd2,
278008b7,
e8cf967c,
7045bc53,
da9cbaf4,
8d656494,
c55988d0,
780e1171,
13a31d5e,
1883e583,
5ee65141,
260e1d2e,
c874b041,
04f5386e,
e575d0c0,
44d63bf6,
5c4e9b0b,
eebcc3b6,
2f33c31e,
28f5f216,
bb368d74,
9dd66aea,
bf89449d,
de1b8020,
e9af758d,
64022bd4,
526789d8,
09025dbe,
115c6134,
ce6aa2b2,
b80c3064,
4e2762bd,
364242f4,
bd3a96f4,
73d09bf9,
86937a8c,
0969a0e4,
cfa4c867,
da1e5985,
dd22bfc6,
2fa1cecb,
4fde6327,
4457c5ae,
ad27be49,
ba21ffbe,
abd65309,
6e3587f9,
0e02c37f,
b3fbf138,
5d494001,
d5d660bf,
e4b67cb7,
2fbc6b02,
3ca0c3b2,
7af13b7c,
382198f0,
cdc5c9ed,
cca129c4,
be9a6bea,
0c2b9434,
15e0def7,
c193ae99,
42ec7df2,
917300c1,
29e487c8,
ff66dfbd,
1dfbef19,
ef8d5737,
5ac62625,
9eda83f8,
c5ff45a7,
8b031162,
11fa3e76,
93da94f9,
68e53103,
dc0dc7fe,
24e94921,
d392087f,
f5e7a1bc,
7b42399c,
9e2f2501,
88f7c9f8,
889ea184,
5e0d7a22,
80042bdf,
077b6c68,
006369ec,
0ef3db85,
187d1375,
19421236,
36856034,
184095a0,
cb857d4f,
a49f2976,
c885c8fb,
290ad1c1,
5da44185,
4e1c0f40,
6811f516,
c643494a,
89b389ae,
99f69fae,
85ce64f5,
f39fda18,
62fde645,
54d976e4,
214093ab,
9e091904,
58524bde,
3a7c5aa7,
98ff7b84,
ba3a611d,
3bde5fa5,
a0030881,
2eb4938c,
9a605545,
844f2bfa,
4d5e1ea0,
e4fbfec8,
86ce8eca,
d52c6043,
21c46c83,
dfdfb031,
35e4aaca,
017bcd36,
8ae998ba,
6c08a718,
a54ad43e,
587bf099,
b8e4ba9a,
d29eff4d,
5edb551d,
6eec33e0,
c2149448,
bd81b915,
b10b49f8,
cf14ef53,
c27fdbb6,
e4351dd8,
1ca3c9ec,
2dcccddb,
a8c32975,
d940095f,
ca389493,
dbc9cdf1,
dbb14840,
d52cfd90,
b4096333,
93e8e5ad,
b0dfd29c,
cd4b5986,
aa3a8108,
254d2238,
738ee6ba,
f5af2459,
809b49f3,
e3539167,
a1f32e74,
b348ac39,
4db8e0d7,
d66d465b,
b10d2bbb,
01e63d93,
4b7aada2,
7583914c,
caf59295,
4a9404f6,
45d719e3,
71716a82,
5a0dd3ab,
c5810d21,
f678038a,
e3f2411e,
070fa8e6,
fe6e897a,
05f4931b,
4ce91a00,
0246ee0c,
d0cd49b0,
d0a8b2f0,
f108894b,
156c5a85,
df33d7b2,
baa0ec5c,
243bac76,
72b7819c,
3bf4c2f4,
70b0d042,
51e2b7ca,
0dd1212b,
c721c53c,
a9028dea,
7ce9e776,
6578f35d,
0ed8cf16,
447846f7,
0699c09a,
d28af579,
6569075e,
1ab85794,
1745f65a,
857d0e74,
8a24db5a,
dbdbfc89,
bf742a69,
3fa06975,
346bee7d,
1f0f8e85,
65f5a422,
ab6e8e04,
8c5ec9b8,
33f6b29a,
0129bddd,
914dced2,
4e43ed1c,
4cabc6b4,
8c1e831d,
8e7d4626,
8f6d47ba,
fddd6685,
9ab2d11f,
d144c4fe,
d809a3e5,
888e38cf,
0cadb51a,
a3c247d3,
8d866bfd,
fc0b7b59,
bb58f257,
5abd9ea2,
f31369c0,
b2df1546,
2d955a2f,
224f31a7,
7354202b,
91bdeaa6,
4af9acf6,
e78ddb82,
9c0d19a3,
ff042ec1,
89f9dbb6,
51062fd7,
81fbf318,
0226002d,
af182c5f,
1a49506e,
fa530b08,
aedf4fac,
0ecfc382,
6b055252,
e84e4298,
5cbebe85,
f43ac361,
4c44148d,
d3320ed0,
076589f2,
ea34a408,
60b2a91b,
c79f6c3f,
dd40e451,
a0bfc4d6,
c68e8922,
75b9b3d3,
09585ae4,
ade05c36,
8aa76684,
6399fe30,
9b7ad695,
7f6d3c16,
8b5497a2,
b61ac08b,
70c83161,
f41de0c7,
1172550,
878baaa6,
a71ac38d,
3e61c5e1,
2d10aadc,
b3027c0a,
2b76b075,
c47fc129,
bb478cae,
b3c9e845,
4b1b2a61,
14b311f6,
e5c8e775,
566c86ca,
149b5e89,
f2aaa705,
6b7e4a08,
ebb4f679,
5a17b824,
2c407095,
93e299b6,
dee0c66e,
3f9d7570,
3be9624f,
e9ee98da,
e73d6bae,
f0ccd2ed,
1a6fd33e,
c4be528d,
9568e398,
319842ec,
6eb11771,
f902ef9a,
7d324378,
1d0c5e40,
674b40ff,
fb24d7d7,
bc1540d3,
6ee01efd,
27c82155,
b26da393,
13a05958,
2f077a39,
a6ab4353,
518ca536,
75f5fe9c,
c6e42e94,
5f2bae34,
2b6e8231,
b37e6922,
8608737,
0712e0b2,
acbd4462,
16a25321,
abb85c83,
621fc582,
2b692382,
fcf645f5,
8dc77e3e,
a6a980c5,
c835f175,
4d1fc845,
6f2dc077,
9ba185f6,
4e5f188f,
a495efac,
1f3d6cbd,
0f6372d9,
830e6f72,
8.49E+36,
b7d95c92,
18d29c0b,
d337c39b,
0fecb752,
e59ce961,
3131bac2,
85cd075b,
53eae829,
c52d4735,
8d0dff4e,
af396578,
81b71a3e,
b081a6be,
a298e472,
2c3040d5,
777e918e,
8f140837,
69e74507,
d2fa49dd,
e4b8a658,
b22b7bb0,
e28e413d,
d79a5b42,
8d05dd93,
655b528c,
fef22c11,
11ce85c7,
2abdf225,
691e57a6,
5edf8257,
2e3e6525,
5e1e95ef,
2d6baf47,
ea692aeb,
326ea4da,
2c2144a8,
995f5f0a,
b10fdf53,
3dc110b0,
1e423da1,
e415b627,
f905d8be,
ebe75960,
9887d0d7,
d20fc497,
57cc8d82,
19c1c0a3,
bd5242b8,
a93c966a,
69f7ee7c,
400c030f,
f7cf59db,
9057f177,
f874aa96,
3d2b2f65,
b1a9889f,
5638800a,
6cc3de85,
c45a6f9a,
719dcb55,
abc29c67,
0d8454bf,
da9b4543,
f5643fec,
d8f178ad,
6813bfff,
f517bc3c,
c1254561,
fb1ed800,
42cd718d,
3a3f1352,
531c29eb,
f6383a5e,
9927fa32,
de4e8cd1,
0df14296,
9604cf33,
3ae2ee8a,
95996594,
2908036d,
59b96076,
1b511fe9,
52e0670a,
8b045c21,
d818079e,
0e359c0e,
9f68e110,
2257324c,
6d5c700c,
ac3efb70,
c17b7dbe,
9cbbe5f8,
2f7d1ca6,
2a773c6b,
4aa51844,
50414b6c,
fa708c94,
4ffb2214,
f080f2fd,
7686a991,
210584fa,
314a0c60,
652738be,
97328fb4,
1ffc4b1b,
285775b5,
fae7c37d,
95faa6e2,
2cc92463,
be0a4884,
0ec6cc07,
7addeb4a,
7078e35a,
00bb722d,
fb6d9aaa,
8739c78f,
b80307d7,
d6aba752,
239e313f,
71cd2877,
b870c6ec,
148f600c,
f2de5d65,
9c48afc7,
888d5190,
c2d79443,
07458d5d,
80eedd13,
281ec65c,
2d85da71,
88e6d0b1,
b2bd9d8e,
38a978ce,
23ff220a,
db055794,
e1707308,
83a3aeef,
7e15b042,
0bd24025,
ffd5b968,
bbbeb3f3,
8b8867f6,
e194338e,
6f151f1d,
195dca0c,
f53d80c7,
11e40b77,
68ef9a7b,
9e71b979,
468c860e,
db924274,
bd440b55,
00aa3cc0,
4a12a86b,
2c6d8b37,
e3627025,
be761ffe,
b0656196,
ece21805,
588abb8a,
6cbbefe2,
4b8bfbee,
6e92fb57,
9a44a5f2,
4f0b2b92,
1505b82b,
7d466bf9,
576c6542,
8291657d,
f511d824,
4d47c4c7,
fa54293b,
01b9a8b1,
c28c7b2c,
584ce991,
f3f4b189,
7198ab97,
5e72d0b6,
f6515d3b,
8bc9742d,
22c36469,
7fcfd569,
80a85ac1,
76ba4556,
bb77bbf5,
3f73ab1e,
097e911c,
e10f4392,
806d5b36,
3d39d621,
fde36964,
e0f2ae24,
f6988945,
3b11719a,
0deb60e7,
c0b9e68a,
3494a0d1,
acbb9196,
52986021,
d544ca63,
65f12c9d,
b2481ac9,
c243a8fa,
72d75152,
8bab8f93,
cd4e72c6,
650ce31e,
b7e02cd3,
31c6cf57,
a602c92d,
b00d875e,
b9fe2749,
24ec82b4,
b4e44ab4,
5cac86aa,
521c5d2b,
edc2db0b,
99042dbf,
284a1e3b,
2b162deb,
7b2d72ff,
98976b64,
df369406,
ba529f7f,
0ee35685,
5c9153a7,
c34bfffa,
7f2f2bef,
36b6304f,
8500f7a8,
31edcffe,
b17fc779,
b1301f39,
78f1eb1c,
29fd91a7,
7fc4ec36,
6d519a8f,
b98b48fe,
798379,
b182e233,
72481332,
a3dd6b46,
55e1a2fa,
ca167f7e,
a2f6fc60,
c12ce38d,
41cc3cf1,
75d15e82,
3ea7f47e,
f78236c5,
23e4de19,
46bb840e,
0163756d,
760c3340,
f657d0b3,
2834e5e7,
e1c188b9,
ebc4685b,
dad4ec14,
598af27d,
b4dc7f97,
720f420d,
c76d8118,
b471c603,
d7f44170,
c9b9f79f,
ab4da4fb,
178aa124,
8c5d18fd,
cf2a2fc7,
2e246f9f,
2ba7907a,
f214540a,
03d3ec95,
63d2d8ae,
baaaa0bb,
156bd669,
cec57749,
451cf7a1,
67ee7a39,
0e8a2a9a,
a52e73bd,
e6ac7aee,
7a85f62a,
43a086e4,
32136d23,
e7f5ccba,
58476959,
8ccec255,
4b22ad9f,
a1401886,
2686bacc,
2989e2e0,
b77deb16,
08493b52,
23d82bac,
9ac4b71e,
e6ddc0f5,
17832ef4,
ed60af4f,
aaa95c59,
f9a48982,
316eab1d,
2a57d8ad,
6f19f77d,
8da56219,
67fb6867,
ce92720e,
2893de1d,
257e9545,
f3dd39cf,
5b6ac9d0,
71d93ab6,
ba6f3747,
22c4a251,
663a0e81,
006abe61,
73101c44,
6532ea43,
6b212e40,
ba767a4e,
b68fda7b,
8c7e4855,
6e303b94,
973c63c0,
91bc8a61,
b9d42d7e,
1e50c3f4,
e6515685,
c0d02666,
420c7bc4,
35d0788a,
56f15158,
f0a0586b,
ee809167,
83f5d9e4,
e897ba70,
da4f1697,
6a5c8da8,
b352e469,
e7fc4119,
95906de0,
f6a9fa75,
f0e65285,
00ba1b5a,
c6452bbc,
10841913,
55a784b5,
37d789ea,
6e7afade,
98cf7b29,
81f2879e,
6ac9185e,
37799494,
37cfb516,
3999e2a6,
571a73c4,
5c946fa7,
293d4dcf,
92165d7c,
4af76897,
fb33d700,
86e22626,
da603904,
c85e38bf,
8046c7d3,
115f4b3c,
1b513356,
aeff3630,
7.08E+08,
2494f3db,
8711f61e,
381bdd01,
efc85238,
ea62c1f2,
738bc412,
b6357cd7,
dcbd2946,
60d6c35b,
a66ab78b,
1a71e92f,
9adc2c2a,
00503faa,
cddbbe52,
bda9d3f7,
a3396076,
f96b8060,
1f692c31,
80fc2b4c,
bcde0042,
00abc1a2,
19dd8b45,
21c789c0,
47a552ec,
7817f1f6,
3a9d0cd3,
6a461834,
9bebaa19,
f1c137fc,
c10a2b86,
f7078526,
ca783374,
8288ecbc,
6c8cc252,
d0d8eac7,
ca13b8fc,
b6f813a0,
a7f9dd0c,
2b3dce68,
d3ddf42a,
ad975bfd,
d6684c82,
cff528a7,
f320ea1f,
d70f80d8,
301e2089,
f2101db5,
e9609fde,
6b06f3d4,
dc5f06a5,
ad3b1c8d,
87fa851f,
edfe0d9e,
484e7e3f,
747fc25f,
06e201c9,
6a7b7b16,
76f51088,
0c6ce303,
a8750a23,
005d1a8d,
7f0be083,
7a0f2f2f,
e1f9257f,
a6fb4681,
c1c7e9be,
ac869afa,
e99c19c1,
bbef7d99,
37e2e959,
cbcaf60b,
87e7af15,
343c2321,
86bceac5,
4ab48f91,
5f483683,
08d13069,
c35ffbea,
fe432129,
f5f77552,
59eef4b5,
8a9683f3,
3469718e,
403b44fb,
41b9e7ec,
41f2ae81,
f08c166b,
6b2ff695,
80896ecf,
ae4686ff,
c7f2e193,
f225df4e,
c1746a28,
b784e5eb,
c3dde492,
1f8ded3b,
c94ccf7c,
cb094c48,
a3c7ad85,
50e04b40,
1e4c051e,
8988d5d3,
c642619f,
c6acb363,
8be4b652,
44dca4a2,
f907ebd5,
f7dd1654,
0c758a71,
f9b8bbb3,
7c70db2c,
c8dc61a5,
85d93789,
dca344ad,
af2fbdce,
8b83889a,
78dfc07d,
4e94be53,
0e817454,
dfe6fa99,
3edc1cc0,
8c6dbe7d,
bdf32d47,
2760f741,
ef55d0c0,
8fcfa985,
60161993,
25ad6a48,
696f6720,
4362967,
5258c583,
f879fe70,
2439dfdc,
ac950d25,
e6959965,
19a32064,
5d50c406,
dcec8355,
5c8d42bb,
51c63020,
084e91db,
6b8a360a,
9472ba7d,
44a04f77,
942e9022,
527e6832,
9e227218,
604418cf,
1cb56f66,
0c6632d8,
f4a5d0a4,
dfdc63d6,
30aa34b3,
17e1ddd6,
d537c796,
c767fce2,
b99a21ba,
ba1b5388,
cecd5499,
bb76f9a9,
65c7d23c,
ec5777c1,
5e6863d7,
d8776c31,
d2259acc,
d99d01b1,
b7baff6a,
a6bf99c2,
b01fdaf1,
dd8ad5ed,
9cff4ede,
14ab6ce9,
d0868f38,
7351accf,
8469d948,
9cc731e6,
c991b886,
15c427d5,
7c7afc5f,
99cd0a99,
1d4e77b5,
ff2d1583,
1041e785,
0ce1b293,
8ba6ac8b,
7c0d1b8c,
b8365041,
844e0e89,
f9075b74,
26758b1d,
c071ddaa,
e5664562,
5ab278a3,
9135a187,
199b3b1c,
99772654,
fefe466b,
0a0a0a22,
765bfc2a,
65c8d6d5,
cc895cb8,
73664654,
b3a8a04e,
da02c8c5,
5359feb3,
72201aa5,
a0f90d86,
6636f228,
505fec03,
6bc192b8,
3cf96637,
8b118095,
5ee7a2d0,
777c5dd0,
fb470e0f,
3dd51326,
274ddcfb,
40e0e281,
4ee8792b,
b7073f4b,
57746572,
c663ce18,
8e4a1245,
61a8d153,
f542678c,
b5634a66,
2f45d195,
292f4a29,
1c05dc2a,
d55bd660,
f4a5f0d1,
431c633e,
f405840f,
b99f6ab7,
c5a74119,
11a31337,
766b2fed,
8c4798af,
85a25590,
5cc7453a,
bf6837a6,
027d40aa,
fed054e5,
8caa268c,
def46fec,
4b85d4b5,
20eb4bf0,
38511b3d,
f89f4fd5,
9364c592,
9dadbf56,
9f2f6c98,
a401ce15,
d4dbb7bc,
630ce8fc,
cb11a60d,
5b401901,
3db072ff,
13a62b30,
af587b12,
cb657124,
8fc19121,
a115756d,
9.28E+08,
756a273b,
a488956f,
378606db,
3e01d989,
a7831a63,
7321a6b9,
c1cb7c8f,
b2fc2d63,
131c0fd8,
03f9ac23,
23b33e7e,
1c5a5994,
f421dd8f,
cb80fc56,
d23e670b,
9eb861ae,
bcf6e92a,
0961bca0,
abf98bd1,
c17bd57a,
016a5124,
f467e65d,
1fb7792c,
54ac93c7,
fc1743ea,
59f38354,
24affc51,
765d7238,
821b5dfe,
5b51ab9a,
6723d8cd,
226b6db8,
923d35b6,
33e97dee,
aecdac56,
d55660ed,
3f5b7972,
c7913f57,
1e6d2b43,
46b2fa10,
cce54f1a,
30bc12f5,
c51afc45,
6d7f70d5,
ee91ab54,
28ab6815,
1aa1b7f9,
751314d0,
2331401b,
0c392e3f,
54d448c5,
a260dcfb,
fb15f329,
8ae39645,
6cd21507,
4f0dc232,
b0957592,
27ac258a,
9548cb6b,
f53292ca,
9d4bd354,
87e50f45,
678947ea,
5cc342c7,
64b4b92f,
60c50aa3,
9a424825,
e077b520,
3ee12ffc,
3face647,
0e7cae84,
8dbef7f5,
6aef926a,
b0175929,
fcf0751d,
5b2373bd,
bb18d6ef,
4f3b0838,
518e7a7e,
83c64191,
38599a8c,
475e772b,
dd180e4c,
e3af1bf5,
d6a485cd,
af3c091e,
0ce5e063,
57b8fe56,
a4e1f1c4,
945d3f45,
9a62a2cc,
231fadd0,
f890cc62,
6ac5eb8d,
2d89ebf8,
365d70d2,
400de3d2,
9f7ad958,
287e19f8,
16c0f215,
3fefa1f3,
c5ef001f,
ddfcc6b1,
dd844bf3,
892013d2,
cde05d3e,
992a9418,
53fcfcec,
9f8d1ff8,
d75a080c,
56caf0de,
a55b7d16,
fa9492ce,
144c9f99,
dcc94dd6,
f58fb670,
78241e5f,
a6c9326c,
6c791d8f,
45bff101,
82b0e16b,
16826224,
66d22c69,
2aa7cc01,
de847081,
aeb4a10b,
c72a3058,
1c778daa,
93eeaae1,
e69e7680,
97591ef3,
2eb5ca8f,
b987621c,
6cd16cdd,
edfc7b50,
1f2cd5e5,
63328484,
45faaa16,
909e1a51,
e3aa7e37,
573e4bb0,
a0f1e6dd,
bedb4150,
8dffc2fd,
f9a2b3fd,
556ca1d0,
d9886e3b,
d02a09c2,
79c32b2b,
bfe30556,
c4fa8451,
3da2b0ec,
b27fb3bc,
c549db7d,
81375d18,
cc0a4c2d,
218d6ec1,
ce62ef9d,
99ecb476,
e43e8110,
17e5eea0,
f991c964,
fe4d781b,
39173920,
266a909a,
832554fe,
c7597eb8,
65664217,
33a6ea60,
090a04aa,
86e094f5,
4d812943,
a2e1a8d8,
30af74a7,
aadff1eb,
dd9d9a21,
8.05E+19,
562addc3,
ccc5fdf6,
6c08394b,
3611d417,
2730a9a7,
87ee6f50,
41b1d556,
8cbd0464,
115ede88,
32a4759e,
3e45b0e4,
66293730,
89ac5690,
be0ec8fe,
f43c7c78,
ae762a56,
778b0270,
8d36092f,
0e064722,
9563d4c7,
733cf593,
0abd69a7,
bb38c4e8,
8b2eac97,
aec852c9,
cd6b92a4,
538a4d38,
7989134c,
1fc98713,
95965fcb,
a567dd8c,
5efe35c5,
33067406,
313d8e57,
1c36c858,
c19ab1e6,
c4947b2a,
b3f66953,
8bdd8496,
4febdca3,
8a41ed62,
d6b6ca61,
52ced630,
43a9c683,
d623e6f9,
fb7cd74b,
11c4764d,
f5f1a311,
3cd6dd28,
c155dcb6,
14e09953,
24efa36c,
a2cfe931,
e3aaf250,
bd60424c,
78c39702,
cd25f264,
4dd2926a,
6c34da5f,
39e598b2,
714d7c54,
8986351c,
782b40b0,
f5ed3e6c,
d40b09f6,
9e5a9cc1,
2d662772,
fc226b34,
b8e9f1c4,
21e607e2,
66414b26,
db5ed1b8,
d0306d5b,
819c8178,
8d0aee2d,
1f9a7268,
5d58ad56,
773b5537,
e576235c,
3c62de40,
a163f4a8,
f1198dd7,
4e9b3d7c,
f9e02c64,
d93d85fe,
edd6cae5,
aa764494,
2b02decd,
272558c0,
462e6cb3,
9d74f2ca,
93085817,
0b5fadf3,
55499544,
626cc2e8,
5c3ca9ed,
053e4112,
515ac894,
94802178,
59ca07ec,
1c9dcd7f,
d1e5eb89,
4de90ad9,
1f8d1267,
8d580e34,
8bf70c95,
cc8decf1,
3ce3d733,
b6c604da,
5330879e,
bc495c69,
b252cfd1,
154c1ec1,
9debef36,
b85f0ca9,
9457c74d,
154bd54f,
0e1530d8,
fd083ad5,
fe8ad320,
4e9ed740,
aaabf68d,
d96b736e,
c59701d9,
2eab1c5c,
8.86E+83,
152266ae,
906ffcd2,
d7e148f6,
d8235f63,
80985fd7,
8dac29ff,
cc4890f3,
7373120e,
6b420c6d,
54cd85c6,
8617be1b,
0df9818b,
ab86845f,
661a8547,
4bd5eb35,
eb9e1acc,
4d47b782,
b020f20a,
e7fd2f29,
a6d7f281,
45b7ed4e,
4d8d8b6a,
5dc7c9d7,
bfdaf170,
e3227465,
fb1dd7a3,
2902b6c5,
9e4acf9b,
ad2a0a07,
9cb2eca6,
34492ffb,
9c1b12f6,
75c2fec3,
03837b79,
5f99f309,
39db1f79,
80cebd47,
542824,
ac2c2895,
c3cc385e,
fbffa21a,
af8e517a,
cfadc57d,
6338f274,
4ad5e9f0,
40677f7e,
c8588213,
0e8aaa90,
b0367c51,
d924c6ed,
a1c2cb84,
84626a3a,
f9be4a75,
35f72122,
77f6f281,
d15d08e2,
82062544,
1843568d,
9bb8bdd7,
ae352427,
28305102,
4cd036db,
947a62fb,
39f9fcf2,
5b2f2ba2,
06d8a692,
90c8c866,
0df3930f,
74e81de3,
c85e200c,
2bfd17e2,
8c49a5b7,
39b4449c,
a09113e1,
37e20120,
87d94d1b,
f445739a,
b0cdd6c9,
68bd764b,
f778d9de,
4e7028bd,
e9f34395,
12fd028a,
b05c4f0e,
99bbe8c0,
5c7d5d65,
10494057,
765947ac,
de7e6694,
e2270219,
1a9a474a,
374c9fe6,
621b4004,
51c35fd3,
4e66ddc9,
98275520,
b8ba032a,
f23bdc03,
7bac1d08,
f05fbe5f,
498d8af7,
b904a480,
b0864319,
f68d5476,
04949a2d,
d02326e2,
f073da33,
ed33d36c,
a58f05fe,
e93ff864,
1330f3ec,
4d40ffc8,
8714e372,
dd05aede,
a0045380,
de900bd1,
01a44dd8,
2da9a39c,
27700711,
d45e9db6,
e93ede94,
8d55c5a6,
11ac04bd,
54bcbc00,
ed3ef765,
e3dae722,
b56a211b,
b461a266,
990c1d71,
58d5fb24,
381c501e,
32011581,
7f85613e,
b83ae744,
24606622,
58dac16e,
9d696937,
d8a56fee,
276d5f72,
e7f63d52,
a3b65474,
671f3e01,
f5c80ee9,
166f2f46,
e8862863,
8f8773f1,
645ef530,
34e0ceed,
c2b7aa44,
63e61f7c,
8fddc17d,
30709b83,
24c7e642,
298edf18,
0a469f82,
183410b6,
4b9aa4c5,
8f6f6c6f,
991d4bc8,
798dbc60,
31583adc,
8c28dc2f,
f9a5c415,
24ada6cf,
24a8a082,
53c0c279,
5ecfcf04,
2ae001a0,
f0da2fca,
d7eb0174,
efb61a51,
d80b32aa,
7a33a699,
fff77564,
7821b06d,
16e76c49,
23db9196,
6dc30368,
7a3aaa78,
075e95ec,
32c64a02,
12cc39bd,
9cbe23d1,
27895931,
ef0e9b5a,
b0948d69,
886f0c7b,
ea9ad720,
26d892b8,
70ad8b2b,
65d5721a,
1754e3f0,
0ce3a143,
71fe37b6,
351247c2,
3e0af8d5,
a44ce343,
96f59857,
2855ae74,
7043bdf8,
df2a3e49,
7dcbb4ce,
00f9885f,
81110506,
5f697b8d,
42d1108d,
32eb2a0f,
d2486f06,
f6ea1450,
81f719be,
6.68E+67,
2835d46a,
1fb76118,
8e64e263,
52f94609,
3.34E+10,
0be0874c,
05f29386,
b6132b68,
0bff23f0,
514ab474,
5356f45d,
0a043578,
19108fa4,
61748b60,
71007896,
0a860bd6,
7e9b70a7,
0b027d59,
af208205,
d769f8e2,
f9871582,
8af61652,
262a62c0,
4732fea1,
822839fa,
14ffc301,
41393213,
3c46d0d6,
352437fa,
2c3d7429,
ed1ddc07,
e7e522fc,
891bb483,
23827390,
8df4bac4,
abbdd240,
8e401749,
9ca72e7b,
cbc22150,
03a6a81f,
e4045607,
61196555,
a8c923e6,
6f425077,
5606343b,
bf9c1566,
bf558d13,
17a3f55d,
379871d3,
f74d7ba5,
f29e6434,
43bc5132,
1fddb985,
9d0e86d9,
3df4743a,
42ea0f81,
d90b6e19,
2ef2318e,
eea8f5ac,
cc9c4fef,
5ef98068,
d340a034,
211c1be0,
67497c56,
d1421f97,
b8ca9544,
02cabf20,
369bf8af,
6bca3db0,
19c646e7,
de2c682b,
ad0bdcbd,
20ceb35f,
24b1e229,
e8464815,
2a74a251,
8a581e96,
74ee7c5e,
840fe112,
ea0191a9,
31db6283,
34daafee,
b571e767,
412ff05f,
e03d0755,
ffba6480,
1c5aaa67,
ed5d755a,
b57d5450,
95e7cd7a,
a33b9809,
a4c9326a,
f41c5831,
eab34fc2,
3e62332d,
3327c71c,
c86b6687,
191e9303,
b724c9a0,
1e74df9c,
298cb369,
c37dcd95,
5d5e336f,
3046e2c3,
ef790cae,
8774a842,
81343dfa,
6c3a8033,
3a9fb87d,
33977f61,
453b1db4,
fbccb3e6,
e4ae4e41,
b90c4398,
774dceca,
16a5f3c9,
9de73f23,
8311558e,
f6b5b177,
009cb34f,
7f82fcba,
47928bbc,
112fdc7c,
41a917cf,
d561c04c,
fd925146,
c0805ed9,
95c27c12,
565dbedb,
1f02291b,
7453d2a7,
cd85e12b,
be814982,
ac7c9235,
dec94e06,
83bdcda0,
98a074b3,
538ac300,
9ae87b55,
59a62300,
287a8943,
db2e4e9b,
0c93b27b,
628678d8,
bee8e91c,
f6536099,
c4cca51e,
e3db1cde,
fc70dace,
858fd565,
77ac02a8,
538cac65,
2051a682,
aeee0d00,
73b4e78d,
127f83dd,
6c8a1298,
5e5b20b1,
0de62b6c,
24ff871d,
f22485ec,
d0d30a0a,
f9b8b99f,
99925c55,
9f5f1623,
9bab2889,
3ac2025f,
28df2d9e,
32eb673c,
e296bd46,
0d59b9da,
e3656548,
4b10a092,
762d26ee,
b0cd2ed9,
df0b66ce,
982c66f4,
d8712305,
2a0d26e0,
db6ea613,
2875473a,
effed393,
3d000dbb,
512b4c6d,
141dc189,
e28e1216,
5c105b53,
e6e579dc,
bccfb384,
c4bc31ca,
d1ae0513,
5dac33bf,
ff0545c6,
1a8da801,
bf129243,
0ed9444a,
a25dae68,
09284b81,
295e8d17,
83cebb00,
b32f8dc8,
5d9f89f9,
da688a85,
ecfd8ef9,
eceb4a58,
f6749448,
17272530,
3a58c2c2,
1bd5dbd7,
e34504e3,
b40690fb,
339e4d8a,
3a2ca55e,
1c9ac643,
154212bf,
a1b9d313,
44e13908,
aeec1bd7,
543adf46,
6797a5f9,
fa23951f,
7721c077,
529a3089,
7850575a,
5c5426a6,
5533187f,
0f5bfb6f,
2c5ec3d7,
f806dc80,
6fc96c7c,
486085ce,
ac1f8e6d,
4.07E+176,
8db7f585,
1d1ab097,
16b614d5,
f28c55e8,
27e2afb0,
41989438,
921d00ff,
b50303bf,
85fc8008,
ccf47f6e,
4f9a7159,
31e348bf,
a7f55070,
6f88c408,
bcf906f8,
d609f4f1,
b1cf9cb2,
2ad9fec5,
758a0fc0,
eef2452d,
e22d581a,
bb7fe55e,
f2f7c44b,
8cd2fb0a,
fe5461c2,
4.84E+119,
869f5e51,
9be0a523,
2367b875,
801522dd,
5521b864,
91484179,
38a3daf9,
4c1a91bc,
8fb29913,
a971ccb4,
df609d5f,
077e967e,
eb13f6ee,
7953efef,
b2e50b39,
de48fdef,
0632b82b,
35722893,
6c1a60db,
4e4d3cf0,
923cb981,
2d1cfcad,
1703c088,
b3c7f620,
3d2b55a2,
33628315,
e3013f31,
8341a418,
75f823d1,
0e2d22cc,
4a859364,
8a221ede,
4825974b,
0ed2d9fb,
6bc82eb2,
be05f875,
a5f5db92,
40f42c04,
fa27fb06,
bcd4f1e4,
c924a696,
7e0185e3,
92291caf,
6f20bfc8,
88c14f67,
9af45783,
c2a6ebb9,
981e50c0,
5ce88856,
f2410c03,
ea42ab29,
1048dd59,
98078f3d,
c8398c92,
e07c9af3,
72bafd69,
46e7dd9a,
74abc649,
8.75E+167,
963feedf,
6b376828,
753f66cc,
8266d91f,
1c377b94,
4327ee74,
9f0d8165,
3d1d9227,
8408f127,
9a5b3da6,
d2046e59,
0706d45e,
03c932bb,
102cc533,
6e693b55,
8dbd015b,
6f4d1771,
5e57e158,
98c71a75,
92191805,
ece624e9,
28bad78a,
645c9b09,
2c125029,
eb74572e,
8544a2da,
57ce91ca,
1b7a9ee1,
ba190d34,
a6b4dd79,
4bbad07c,
23745fb4,
e563bd67,
41291b05,
31c09e0a,
9d75d5b4,
744b7d82,
dc12b11b,
523daa21,
76524a33,
d277d9e5,
1a472f8c,
ddec3b65,
514b742a,
f9457c40,
e848f31c,
fbab68cc,
4d51406b,
8ca84d02,
4584f13d,
56e01410,
d84d6a66,
c018e51d,
18f79023,
ac17ded4,
86495291,
3a1e6edc,
04ae316c,
55b72f88,
9edf0874,
de7eb7b0,
8fd16b45,
de17a92d,
4f51dde2,
db88e2da,
033bf9cc,
2c90e088,
b25710d6,
0c8745a1,
ec09233c,
a32fa735,
8921684e,
3850bd24,
ba94b662,
51947437,
48ef9920,
80f839bd,
d52181a5,
a07b801c,
ee59f0b7,
e93abe2c,
5c38e92c,
2f426cd3,
fa8081fa,
cead086a,
e31a4505,
366668dd,
a4f0d913,
38209683,
8.59E+50,
38e9bbc7,
2331ad83,
86fb5c2c,
40a5ad4c,
dd257f72,
1346d6f3,
bdaa3500,
68bc8f81,
b3be1080,
042addb1,
a3b21b81,
8507aa1b,
49e04ac3,
9373b2b5,
793cdf75,
3c8b861c,
a2a949fd,
240d0de9,
cd6587f9,
2919a291,
0c731f98,
0cde1ea2,
2ba68887,
c48bcc28,
06f67e54,
d0eea3d7,
91c2cbdc,
f8824e71,
da201a69,
b1763bba,
3defbdf2,
3375173,
34e938ae,
cddb4fd1,
dfc02239,
09c8b4bb,
78e3bc48,
3d9d5d0a,
75777e5e,
874e0674,
a2c271b7,
fcda7b52,
9b1141bc,
ef783f5e,
1ec056d9,
21848a3c,
2fbd6d72,
81b69ec9,
b07684d1,
da10a121,
c8c862ad,
c6255c3d,
7f7f6e92,
ed77ef56,
617a4212,
4625acb2,
fbc4c5a6,
3e396833,
07d44170,
20ea26b2,
75111b42,
db0571af,
09db79ee,
6f32e885,
d3b661d1,
997e1935,
1daa6fa5,
f9928d0a,
422bf7a9,
4bf4444c,
ef688a95,
3d4a5aa5,
ccb301e6,
2c4f7049,
fe465269,
28a3410a,
ab03609f,
bb00cc2c,
bea698d4,
4bb3b85f,
81bad45c,
38160980,
aeacbdfe,
90170a4b,
98bb2653,
aaf748d5,
8e66457a,
dd02276a,
122d40e0,
c8bf55da,
fa1adbf1,
7aa69166,
dd7bd19f,
6328108a,
1e8a608e,
8b86dd56,
69a787ad,
1d3146f4,
81730562,
8a35f5c2,
61ab72d3,
044a7406,
fc3151cd,
f36504ee,
ba683156,
542117da,
5a162a7f,
025b5b6f,
bde54a2d,
adeec0c5,
3c4926bd,
15c1df8c,
b82b4ac1,
3a5b4e9b,
585ed630,
dd278a47,
60480549,
624c9940,
13e9b91f,
7568291c,
88163388,
b971a89f,
e3d4231f,
e819a47d,
b2c53a73,
283d644f,
ebf7ad18,
60d87a61,
85d48d3e,
26c99563,
96a7db8b,
2fb2bf43,
ab7b57bf,
d9b5b9a6,
ed105429,
a4d07f1f,
f4d0acf0,
82ee82c5,
fe1a25fa,
168ea5f9,
ca4a4220,
51afbf15,
6fe1cb35,
325a74c2,
f5542416,
f616137e,
41efe2bf,
93dc88d3,
8c9405a3,
045279bf,
b57b83cc,
4191b0c5,
5c431a6c,
e24eaa9c,
3b7cede2,
4c88cea7,
735123bb,
e0863e49,
17337a3c,
cdf6bf13,
9cb5ffb6,
991e8928,
4ec88382,
1135316a,
a9c4017c,
3eb009f8,
41c8f59d,
bd08f301,
2dea3c10,
21df9aa8,
4fb98066,
88278d00,
b91fc4f6,
a81801a7,
a7011888,
20797ee0,
156de434,
e3fa79e1,
673d05f9,
6f1a2bea,
0722529a,
9a36ea20,
82ba8e45,
e5071475,
3982603e,
315f79dd,
38966c15,
6fc77029,
6bbfb792,
c1f9de1c,
0448f16d,
9c0887bc,
99876723,
e9977f35,
05990fe8,
6da49be1,
42968946,
8bac146d,
52be3878,
b5d334a2,
cd54eab7,
70e17a00,
76da2e09,
1018fafd,
a6f86664,
0925e0f3,
c0cd8ad3,
08eeb467,
d342c127,
a31b063f,
838e443b,
00ffd537,
ea8ac8e3,
5739c2ed,
1827f4a9,
559d3e5e,
a6a2f417,
98506661,
54762b78,
b34b9b95,
1295f069,
5931c596,
aa62d2b2,
3c467ef0,
d7b396c0,
00fd8535,
6d922625,
1f749690,
5c2c30dc,
4bcebbbd,
9b4af647,
35819270,
aba22784,
d1ecb44b,
47f97476,
958f8945,
bb83e011,
32549da9,
812f352b,
a1a7da5e,
40dd9e4f,
f6911b40,
ba21fc44,
2cd3d75b,
76b1a062,
a328f94d,
6ddcf135,
f085c2b8,
4c0c92f2,
2f32716f,
f543f25e,
5e079fbc,
8d2dcf2c,
e92e43a1,
ff31a7eb,
a25a9ed4,
650adcd4,
3fad366d,
fcf7b45e,
024a495f,
ce7b4316,
aea93ae2,
56de208d,
cf605bb4,
5e8d0b1a,
58c92118,
178e3900,
05ace38d,
70ca10e9,
2905e883,
ed28066c,
a41c4e66,
ae6960d4,
077abf82,
d5ae91b7,
15d542ec,
54d6c134,
b20b3b2c,
5d0fb3ca,
26c5b453,
9a4a0720,
a82f0e68,
13c555da,
535c04c0,
4afa3311,
187a71e9,
fc668335,
699e6228,
d81d6a6b,
2d0e8dfe,
2e9f7689,
92d9b192,
0350f9c9,
dab6ef2f,
971c0e2d,
85ff72c1,
6e0dedfb,
719ecd9f,
1f84ad32,
8beb23a3,
6b6cda4e,
7813a178,
f6d8c596,
ad72e7cc,
36f10464,
b5bbe5c1,
93616adf,
426dc3c3,
b4a715af,
7147e6ce,
6824d568,
ef70ca77,
1d6a39d1,
d72e194e,
dead08da,
fd8b350e,
1dd36292,
9f9360cd,
405a0743,
a5b8617f,
45b17db1,
0813f8c6,
d0cfb33f,
6f32bdde,
24ce1fe1,
1bb6edbf,
da191058,
4ff53c75,
e842f5fa,
69e2364a,
15235cc1,
d345c4c6,
b18a8a69,
3fd9206e,
2ed7a5fe,
70fe9ca4,
13565498,
ddc3fa9f,
e491a6e7,
5b2c46a2,
13d2e078,
f760d407,
e8326cfe,
7cd3b62b,
1969a59d,
9c523426,
18c64bfe,
49468b7f,
7c96ac36,
d5d5f209,
7244e8c2,
1c886329,
0279acd6,
39194f5b,
ab792a35,
3be44370,
215e6c06,
838fffb0,
ccf5f427,
5952b07f,
042f7e39,
72b0a22b,
0f6e119b,
7572f0f4,
8dc03a14,
a6acf575,
3eac5d7d,
ae5b5c79,
7662252a,
da217416,
e606610f,
00a92ec1,
d123323e,
b0f07395,
e91a8ce8,
66be052e,
03eec7af,
f58ff82f,
0ce8152a,
436a6ee7,
7d79cc0d,
b4d31d23,
ed22dcf0,
0185ee37,
9825dad4,
4caff066,
7656d0d0,
13679a89,
e199f1f8,
499deede,
60e363bb,
04b1fd61,
b44e4dc6,
40480e3c,
55886517,
3040470f,
f8d6ce56,
d2631ea8,
e4791291,
c7af3aa5,
601fd48a,
3e8201a7,
4ffa7e0f,
e33d32a7,
31652052,
f56f7656,
b8ecb76c,
f4373ff7,
764dd46b,
903031d0,
33a3c7f6,
6f7fccbd,
c747068b,
ba6855c5,
33d07116,
13e9917a,
cfc7bdff,
c2a4e518,
36c863a4,
6480ab5e,
a4e2734d,
8b586a81,
37230b91,
574ddc67,
c0e7b7b1,
8a452c3d,
93ae27e1,
f6768984,
3f858462,
253af8b2,
45432f00,
092e93de,
7796b464,
36c1c451,
a0ce9d08,
18d6f180,
8bdc40d3,
c0c11fcb,
548712f7,
721b0e56,
c4ad51c9,
d28cb1f5,
44ecd438,
560f1c45,
ace3a687,
5310892a,
490b57dc,
1495f48a,
9ae90aa2,
a4c33fab,
3ff9a8be,
910821da,
5e111abb,
cb484c45,
a84be26f,
da2ef14c,
58d12303,
f7ddebe5,
06bbafe1,
b22f653a,
bb9ba9df,
77106abe,
1a45267c,
5bf0841d,
347f0648,
00f507bd,
bdd65567,
34c9762e,
44a11305,
61836ff8,
5044036a,
f499c99e,
53f3b469,
d87c69f7,
b4bf25ff,
d6fbc09f,
99ef4e08,
c654cb23,
ad288689,
1dbe6f7f,
a6ab3848,
187ed035,
c1f2b3d6,
9a26b2a1,
0587305b,
4a1ca51c,
393d3aad,
fa326385,
9a5ac32a,
7171a384,
9bce9cc1,
07df58fe,
85f88844,
c2ab1469,
c2ea4640,
d3b46696,
a301c996,
96344963,
ada29cc3,
f30d5da9,
c39c54c3,
ea3ca210,
0cb04575,
df6b39bc,
1ebb953c,
fc200771,
ee7cac78,
84fcd18d,
6b9c126a,
2dd504d7,
1939249d,
ecd89451,
37245434,
a865b40f,
414ba410,
53a74a6b,
5d625ee7,
e999e44f,
3c812cad,
10420d24,
6d8e55ec,
1.02E+07,
c7db370f,
0159d0d2,
b79de3a1,
fd1906b4,
a7c30476,
c71c214c,
329a920c,
7151931a,
d65cfc2c,
60e99a70,
0db30533,
f451a7c3,
276d1013,
2b470d79,
022bf32e,
a619ddec,
d5dd7725,
8349d9a1,
602d9be8,
cfdf57f2,
d10e56a1,
33ce9b25,
87e2fc5a,
be11c460,
6720afaf,
a21dd315,
5c1fcc43,
fde0f878,
1954f898,
0620faf4,
21f8c79f,
8fd85fa7,
a4f38c9e,
d6094cc0,
82a79fd3,
1f189089,
3ebdbc01,
eb2f9bbd,
c35939cf,
30fa6361,
af7b68a7,
07bf29e1,
edee2b75,
0d78044a,
6a480cdc,
f01ea09e,
2c21bd36,
482407bf,
d31f25f3,
ae81adc1,
196dc6ff,
ee982429,
2e211931,
5c3994ec,
86251695,
f94f31b7,
2ce05503,
99603d05,
51214b7a,
770e1a3f,
7d60b78c,
c331d413,
d8ba05b1,
6a7e02b9,
c8a2c61e,
8977b7d2,
31dd4731,
ae67ed08,
daa5c21d,
42c59d6a,
66940d2f,
d1ab883f,
30f69e66,
35dc2fa8,
95d5620a,
f476c362,
37356fd3,
8b016790,
e22cc599,
ddc318e3,
d2ede6e7,
ca986a62,
85cedf12,
006655ad,
589d1f8b,
d65cd207,
84a51b2a,
1f556052,
7f9f3f26,
f1cb2169,
5fdb7edd,
47906d73,
56de935c,
0418705e,
9a1f69b2,
2a95b056,
fd950286,
87dddc4d,
751f5682,
a6208877,
26a49b94,
dfe78561,
cf37dc90,
1cdc9fb7,
cd1a13cb,
aaee25d1,
4462aabb,
d47ba10c,
5e79a476,
aaad61d8,
0dd8474f,
5fd9cb5e,
5c23d503,
97ac33c1,
e944eb0c,
31c2fea7,
916927c7,
37fdc86b,
460c7ce6,
c23c235d,
5fb39808,
08f77f45,
b33ce5df,
dae44dab,
0a933147,
e103cde7,
54d6a695,
1c059c07,
7ab133a0,
fbe7ef91,
b664f8cd,
0d9883e6,
8e9b65eb,
0cffd12c,
28b81b98,
db881b67,
d68e6594,
e8d8b694,
93fefdb6,
f368ba9e,
fdb688d4,
c8e48bf2,
80489dd4,
7daf3279,
631576c2,
5f31a973,
e62a6db4,
e773aac4,
c6eaaf44,
4cbdfeed,
baa3cfd8,
0454415d,
2ad227be,
97acfa34,
06df195b,
01e7c147,
52233217,
49af2bd6,
a327d461,
75407d17,
438b12ce,
645ae5b9,
9a18bb79,
6246f2eb,
ac7abe28,
ded88989,
5bd60298,
a86c009d,
5a909ed7,
498b1d70,
ff554306,
e75c268f,
c2b6ea9a,
4fed39ac,
b160de23,
7bc94a10,
557fa940,
7330ebec,
cbdc8684,
571718b0,
6fa1201a,
92c45fd4,
b05ac09e,
e31213cb,
6d83f1fa,
b8be9081,
ceb1015b,
1a9d07af,
5730593b,
d0e0769a,
ef4cd33f,
a9f0bfce,
6eb6db7a,
27a55cca,
1731c7e2,
410b8b48,
e3f1fb8a,
d056afb4,
908ea05d,
16641e2f,
36799b97,
b39b75a0,
ad0f9d80,
c850637f,
d1db3550,
5618e33d,
952fc28d,
f084666d,
9a323fae,
487a491f,
6fc37a92,
c9035805,
b07ff3e5,
1e143cc7,
d7728546,
4465c81d,
0e6a9039,
8dd53ecd,
2cc9754c,
cfb33ebc,
901e501d,
7974f9e0,
0295402f,
779813c8,
5414d6db,
d7685413,
eed136ee,
124fdd55,
eb89dd1b,
b30e0f1c,
c88b183c,
fd445fec,
cd7c6b72,
1de8b629,
9c1fdb19,
57aaf462,
92a82791,
ad1731d6,
370d546b,
afd2650e,
36a63721,
f585c733,
dcfeeb9e,
b7ff5c4e,
c6f5de01,
c04debb4,
116042a7,
af5a6b11,
b4abfb3c,
590ab851,
b64a4e77,
a556844f,
0d95ae93,
41fe554e,
cd53f478,
5179da5f,
6bb0fe6f,
6220c437,
0dbd653f,
568cb045,
d995009c,
642b385e,
71d3a632,
5bea14c0,
f93f71f6,
358d1a3d,
c5ccb9c3,
e50a21b3,
1ef6093b,
39fe7551,
7adb6654,
f81d65ef,
3efe5b77,
3b808011,
5548a310,
27ecac74,
1f919bdb,
5e2a9fba,
1af71c10,
cfe8292a,
13de6cfb,
8527a008,
ea2cb748,
59c8e628,
cb0dabd7,
252a1428,
748f6818,
c1f6d798,
c3f00499,
9c6f118a,
45929da8,
898c7fae,
f3c80771,
9f509f53,
b75abd48,
4c1f8eb5,
89479dfe,
b1adf547,
491a33c5,
63d74209,
8deb9e54,
cdbe2d82,
873746c9,
0ea15ae1,
0d8a4416,
ea5a4ca0,
553e3ccf,
a7c42516,
01c8626d,
eaa5ea1d,
3354b404,
7efd3943,
5f7c2889,
46f4795b,
826b68f8,
0da0f8df,
2be03067,
d1aae77d,
dc54cd9a,
ed79b9e0,
7d7f28dd,
c7e3b605,
719c3118,
0330fabd,
153df8b5,
ea31b4aa,
f49efe9e,
6e8f3231,
9ddbdd18,
ce8d5993,
78694b5f,
7ce53b17,
d34692a1,
09eaf589,
20ddda4e,
f9367691,
a3ab9675,
4b6cf474,
e5325727,
1d852abb,
9a04831a,
3d649a62,
6eea5452,
00ab0e79,
c4995f6c,
fe4f35f6,
ae0cb17c,
b5c0a8d7,
5c75f79a,
4654adb2,
a6e5f7c3,
701e01ee,
ae085d31,
790b0373,
db5503c7,
70a0b79b,
8a4b1ef4,
7a191e5d,
39b8a344,
663d4614,
34a34c98,
e3268863,
9acfcfb2,
be75a9d3,
33a10250,
df6f0a1a,
b22b41ca,
63b0417f,
ef196ca5,
463a3c12,
a885722a,
c9dc1dde,
3be23f0a,
23b0f6ec,
28a51df8,
fd3754db,
61bdc71e,
451e0c96,
8a5bea3c,
c3d4cf89,
fd483d0d,
2cef6ea0,
eed2553d,
714eb501,
727f3c8e,
8a2fc1b0,
8bb8d22a,
c5bccab8,
9d57016d,
9a1e1baf,
4cc99c33,
bc7d09a9,
e1ac06d9,
4807b1dc,
2159db5e,
3498032d,
7ff96546,
299fc11b,
117e4c8e,
d889af5c,
e7ff258e,
5ecd7e86,
56218bd8,
5c31b278,
407c36e4,
4f80c5ae,
e12e79cb,
c22b661b,
7c257605,
93b9022a,
db545946,
9c5e940f,
e8691b08,
21d489cb,
2a2fa136,
6893773f,
42e404bd,
5119d0e5,
c12ddc47,
1bda7c0c,
2b889b52,
b633f63c,
530b4d14,
62e4d584,
23ff149e,
314c8817,
7db9764e,
870447f4,
b2a90145,
42c6fcc4,
357da83c,
38f74628,
d346540f,
7251aa80,
33db85f5,
7d1ce92c,
b28d6544,
f05d5127,
3dbe3fef,
a1e755a3,
e11b2444,
31f4983a,
7fec7850,
9a9cfb7d,
32dd3a45,
e4932a0a,
55e23db6,
5f758ce7,
69636010,
91279e7e,
5aa61a27,
574f3570,
b640d965,
302c0f47,
9abb92b8,
6a20a8dc,
5bf1e37d,
235e5d8a,
480d9ca9,
5ec8536d,
189e5ff2,
4a551183,
cd0a7daf,
b80eef24,
56384aab,
e9ad093c,
e032248f,
035dac20,
2efde225,
2f503829,
78da45b3,
6eb2c666,
6b6b2143,
d1b0961f,
b7641d99,
2f09646b,
bf903ec8,
b9451857,
85c0e746,
2c65c944,
8df24b53,
946f585d,
4d187d1c,
8f59b824,
53e6e6a7,
1e556a33,
033cd958,
9642e0f2,
5fac2f22,
3f90cff0,
8ddfa6a7,
318d0cba,
9c6435e1,
5d1c2a9f,
9e5194fe,
974040d9,
37a38dd4,
b16cd8f7,
3e926bdb,
75adce8a,
d434b20e,
dd981ea6,
112e5ba0,
bdefeba8,
0807f91f,
b0319480,
f19c8091,
ec6ffd97,
59ed8944,
8b0621d7,
6c196c47,
19b716fd,
43d74816,
b6633e9b,
7f40acf3,
233b4e97,
e0349ba4,
23e35590,
0b0ef5fb,
cb777c92,
c564c06e,
9676651f,
c3fe7e8e,
c1f86afb,
be746f27,
5ff26dac,
502d8486,
ffd11140,
ec91a927,
e95c3bf7,
a323db92,
440673b9,
636199c1,
5501052e,
2a16a4ca,
81545a1a,
aafab85f,
8af5c7c2,
0355bafc,
4dbfa214,
d77dc55a,
9f2055af,
f0d55d48,
90763668,
4a8ceead,
ed9d45bc,
3572acc8,
b15f2208,
fdde402f,
18159361,
063a823d,
2822a402,
57f97b1b,
85569d1e,
2fa26d7c,
9ae6662b,
6664c6f3,
f1d5f4cd,
a0527366,
bf395c98,
cd40f817,
f50e51a2,
6bf53445,
d19cf897,
fa32c209,
754c0dc3,
cc3b820d,
775bb37d,
4f00728d,
64f40f4f,
a74ed0b1,
30e5a007,
30a14ca5,
b09d9462,
576d49c1,
4a73a2e4,
0ccf1580,
9ef1cba6,
91067ddf,
fb4df4ec,
4cc6ca45,
54f6a8d4,
2ab19f40,
0f71601c,
36c4c51c,
438facae,
8b2cfcbf,
3297bb69,
a8d7b2a6,
e51a3e36,
7b1f61a1,
6f67cea5,
20ab2113,
841b0fbc,
cebc96b9,
290c52f9,
f84b54cf,
38bca38b,
897dd562,
41a7e3d0,
199b40c7,
86fa3e71,
8cba3613,
2e5f9ec2,
52bb812d,
dd1cd424,
776d0d5f,
2.46E+37,
0e59a338,
6e169f80,
f87d8e63,
0da9cd13,
19433b6c,
1bb53e91,
bab47b87,
e4a32e74,
bbeb5186,
9ee17369,
d01ee27c,
8c9a6028,
5538de9d,
c4113ae9,
2010970,
043f5f0f,
7b429a21,
a2f40d29,
67e267e9,
dd559bb5,
66d3bdb2,
6d3da6a8,
c9093683,
905d75a3,
c5e2724c,
cd465e95,
5e4a09be,
d9fdef94,
c9f95bec,
229ada12,
21febdb4,
5222ab3e,
58069f33,
bda8a5ae,
b3344fdc,
c4df7702,
fbc14cd3,
d38a99af,
2b6aa421,
64cae9d4,
639f9a9d,
d40c8e65,
b3422c84,
5b5be415,
e68eaebc,
a39374fe,
899c2993,
ad57b179,
393d5ef9,
1c2bbd5e,
484d4357,
3d7d8393,
6f4fd52a,
f9623c77,
e8f8a855,
21b79488,
2635c830,
26a2d5bc,
0541ad6a,
76716885,
f6bd6e5d,
27f78020,
981a7597,
7719d6d6,
2a3f2098,
f1f693aa,
5d649be1,
43e7bf60,
4466df43,
afe641c9,
d596e5f9,
f21e5bb1,
ec507dde,
d22ce0c9,
807d6fa8,
dd1092a0,
65e924d0,
64925cc9,
af3870d8,
2e8b50a4,
0680836e,
f92e98b6,
82dce2d5,
bbc49a40,
6bcc9a9a,
b157a2df,
de367d45,
34d3bc6b,
bffb70e2,
93a3dcb3,
1e3b9f43,
855df1f4,
5d70db24,
3ecbdc8c,
7ef4ad7c,
a5742686,
f46f8401,
91b58100,
ac09195d,
85f4371f,
a219ffb3,
df1d9d52,
d2872e2b,
1776141c,
ff7f62c3,
000c65d7,
2a8d9798,
009b8524,
7c31e45e,
2da8860e,
6db48d63,
7c779a8d,
7e562396,
eceee516,
d38ff143,
add832db,
824f12bf,
c5c263fd,
d2777659,
40be9d39,
0f21cdc9,
ec887e17,
626c27ed,
7.95E+13,
26368e1e,
0632d4c2,
7d106b3c,
b290c2de,
8d0a9fcf,
c849c18a,
b279fa8c,
0a3b2b84,
3dde172c,
dc11abd1,
73f80daa,
0fdbef09,
5c705535,
3fa6acd4,
10ceea51,
2c1e4110,
a82250a7,
0131902e,
7315262d,
bfaa6345,
60e553e6,
d03f3875,
431e3297,
c89ec5f8,
2c3ad076,
0add7d5b,
812da773,
b95202ff,
1732344d,
014a18a3,
cb670812,
1330b99a,
57004bda,
d3bc3dbe,
68886589,
3e789ded,
1239d05b,
863592dc,
cda7992a,
bac18341,
8c41f5df,
a1e2d96d,
ce25be93,
ed401a55,
830ed2fa,
5dd2976b,
8a7aa932,
62d688b7,
c370f6cd,
4476a9fa,
b5000d9d,
e6e48f21,
4490259a,
8e9a9ba6,
a60a76f2,
2dd8872f,
34be90dc,
84699fad,
a21f46b7,
bf706119,
03df4e82,
2a350068,
7797d58b,
68f2ebb0,
17b78e38,
712d0f68,
f1bed6fc,
252d1b7d,
e9369d53,
092be9de,
7a7ba280,
6980860c,
3c98cf74,
ec2fecd7,
13737c2b,
304e95c7,
316e541a,
e696a7cd,
f9a2418c,
837561b2,
c7f86e18,
fdc61b0e,
cec1a1c0,
04323f73,
133f9c36,
3d40623a,
c3fe4b4a,
40f01258,
fe54efad,
4579e618,
94c47d85,
d51e591b,
0e5531c1,
a0ccd85c,
ddca0720,
7eca5639,
b8d82900,
e5da81c9,
0b3c5024,
2653ffef,
a8504ad5,
e529bb17,
4cb24ac1,
97318f8c,
b8ab1305,
063ee47f,
e662090c,
1cb426d5,
43eb3098,
dd7e8169,
8982c58f,
494e7dc4,
93e23093,
e0b2d9d7,
9ea80baf,
0d317dff,
ad3cb796,
9968357e,
714136bc,
6886bd9a,
65020efd,
a1c3f2b6,
8f2f7a67,
cbcb0906,
87ceee74,
5fbaac18,
4b4cfe5e,
f78ce192,
63a7919c,
45cf8efb,
d7279b5c,
96219f69,
07a7d1cb,
b45ff5a6,
b403be3d,
bde1cd01,
1284904f,
b3afc33d,
f6bfb6d7,
2514a2ff,
f1152c8d,
2d3759f0,
39428541,
e301c035,
c328fa7d,
eb2ec22a,
b10142f6,
6560845a,
34cf6c2e,
d2e243a9,
b36851c4,
c29cd887,
cf58fabe,
5a767585,
ccf00f93,
d76a30c1,
9e9a3cdf,
5a22b396,
b2ccf007,
c0627c4e,
4cea7513,
46b7e766,
7dd2e705,
9b9de48e,
532eb972,
f7eb9c96,
65aebd92,
05cc1c4b,
b8bcf757,
5859bb0d,
402c8097,
c273b8c2,
6cf3a92f,
99f3d5d0,
33202c30,
d122fb35,
f25d2571,
37bfbb97,
de100d54,
b50c0c81,
1e53abdf,
7273e453,
5af04e67,
512ad335,
8c1c53c1,
02244ba1,
a05c1b95,
fbbaad60,
ae7d1d4a,
d9e4a1f6,
39d67227,
9e956fd1,
60f1e916,
282a7a79,
c49a338b,
cd47e542,
28776b6d,
c50b4fae,
31562c35,
7.81E+45,
a5867a1c,
8d9b544a,
3e9e332f,
0a7a65be,
4b74ca89,
569e7b43,
e12dc800,
dcf5d1f6,
5c9dd487,
8105dce6,
7aa54b8a,
faa6c9a1,
9000e3f5,
2b627b79,
afa6a6b4,
c933ef30,
56e71a61,
9c306201,
0ff087d4,
450fdd98,
1b3d7f6b,
d6890f6e,
56fbf33e,
e4531d8e,
f6f853c3,
5cce7568,
809385f7,
7b9e8461,
ba8ff1c9,
96f397d5,
f1b0bbbc,
8badc503,
f42e3d96,
b10f9bf1,
320722bb,
0c17b03b,
6.08E+11,
2dc5067f,
709fa11c,
2dec781f,
4a47f033,
26c16cf2,
1979c352,
0924cf4a,
4a8050c3,
33a9c441,
dc99174c,
5fd2137d,
3abb60a8,
6b1a9a3d,
a95c942d,
c5f50937,
f22b4233,
6ca83f92,
372543f3,
288c0d0b,
c4e0f4ca,
a48b8a99,
dd08b33e,
9cafb81f,
9e184f69,
1550491c,
6b8ec4cc,
eca23fdb,
613e0d3f,
a8c1d9b8,
76df7930,
17b73e9a,
19f952fc,
9eb3e2fe,
29b0389c,
41eb958b,
67b4051b,
c3ef46b5,
72d99e50,
9462b273,
8439d63c,
4d57225f,
b7168e6c,
ae3f3417,
47ce5914,
a95fe2a5,
3a806707,
03cf3246,
1371983a,
ec93e295,
f2f60019,
25294475,
e51df3e8,
4bcb5e3c,
6631dba6,
cb1d8cef,
4bb08b72,
d56e5087,
6b0bb2a9,
d86eed09,
f4500be5,
e7025d21,
ad9f6603,
82959da4,
16d1d072,
41c821fe,
9fd4a5b2,
bf714041,
f788bd4d,
b8133bda,
15b71f5c,
211b3d47,
b432a702,
36cd8d29,
ef765b98,
c6c5c395,
f03dd4f1,
3e62ef55,
2320fb23,
e77b9e3e,
722b97f3,
58497fec,
ef4dbf15,
95d9a8af,
ed48b54d,
79c657c3,
f39cea00,
7972f356,
305ea4c1,
51c0401b,
b98a6d50,
b361df36,
d3766217,
622fbba7,
e2fe5935,
cd8df73c,
405e10f9,
aa63053f,
a34f1db3,
d32ddebb,
2344ab30,
f8c3564d,
036fca77,
db94807f,
36517371,
4554331d,
8b63eb3e,
feaba798,
50288dfd,
9716b928,
e000424b,
7b04444b,
75ff1e55,
75320757,
b4d560e0,
d1ff2cf5,
8e503c09,
97d6515d,
33e90645,
7e64b350,
da8719bc,
f26ca735,
0619baf8,
8c609b88,
4eb57c85,
af85fdcb,
0eb57288,
b69eefe4,
7dc02559,
1fa5cce1,
c0a43b88,
882abe8c,
ee82af65,
7952c2f4,
119fd1ca,
4fe8ad85,
9411364d,
86dbc3ab,
dcc18b89,
9d1d53c7,
2b92b3eb,
896fdd87,
fe6fde2f,
023e4966,
7ffdfdee,
d9066ed6,
78f4b160,
2e6fe0b8,
1fb25351,
2a893116,
11584d88,
23069939,
60a943ee,
c2369d5b,
cebb5462,
c2a2072f,
2e82c1a0,
a2dac6e3,
69d00d7d,
c75b6421,
d63df78f,
efb0d6e0,
1757853e,
d50e91a1,
ce9a8bbf,
e825d860,
60b915f2,
b183f03c,
f9c14f07,
a20b2307,
74d3c74f,
4f34bb03,
b962d9f0,
33ee19f7,
493bd1d4,
393c5fc4,
1cb1a88e,
833e9810,
24147445,
44e3710b,
f5fa76a7,
c8f3f41a,
b3d0e29e,
909f6e66,
f707cf37,
c49ad298,
d4c2829e,
52454074,
5246904b,
a33f6584,
ffda8ccc,
93ad617c,
a55a1291,
63b295c9,
6d10ee76,
34e578db,
c7213f71,
2807f551,
4ff77dc0,
a5f18921,
859b5855,
5f9607a0,
42535261,
1ea3b75f,
0f965906,
858e1216,
3db119cc,
769ce627,
bdc8e845,
a20d5802,
ed2808c7,
dd64b6a0,
d2f81c70,
444939af,
76910bcc,
cbac4103,
2311fe60,
deb1ff2c,
6cbb8f13,
3b8e98e0,
25632b0e,
7e73164c,
9509d4ee,
d90afb86,
88f2f9d7,
ba6e8bee,
8b36e87a,
09949fd0,
88b59f9e,
cadeac43,
0412b3fc,
9c2ba9a2,
d8e0991b,
1656b89f,
3a89211a,
008ae7b6,
543fe4fe,
d216759f,
990cb7b2,
d40ef22c,
0baeaaad,
e9ca1585,
1b2dab8d,
9ee784db,
40ed79ab,
cd7b3958,
cf218f9f,
4846e6dd,
e57a5747,
c7635482,
8499a8b6,
0f496adb,
c2f88f5d,
44fb9c40,
0e724ce5,
60a14363,
7ab18c6f,
a44024d1,
1e5ece42,
bf1ea11d,
f83a50d9,
4bc441fe,
df4c3d4d,
eedcdfa9,
c84036b4,
f3433134,
0c8c0264,
a32229b5,
bd25a04d,
abaef3fb,
5825ea8b,
11a5994c,
1af1e879,
02e16760,
063042ee,
bf678d3a,
c72b03a3,
489fccbf,
a8be00c8,
fc221a63,
f3407f84,
e5ae3f07,
c53773fc,
031ab1a4,
a3c53504,
92f057c2,
58d5eaae,
35129901,
87a09b18,
63114bd1,
c3651409,
f8f61b1a,
f4670313,
11fbbefb,
eac508e7,
617bb453,
716d90bf,
f84176d0,
a052bd55,
63ae575e,
b5ad415f,
d348f53b,
89dd1cd0,
038668a3,
59125dd7,
899c69db,
e31a99c6,
f7b1bc5d,
5e8a8d70,
1960bdd7,
30d97b84,
819456f8,
f727c2da,
39184457,
bf1fe0d8,
5c2671d6,
8ae69ad8,
7e638819,
a7050131,
0a22b0fb,
a1e8b217,
fc9c3328,
4bc041d6,
1b0d2130,
7f4d7b0b,
3d1d6f7e,
959e75eb,
1ad1dced,
d85dae3b,
b637250b,
be0cd038,
9d30da78,
6a5cf775,
bb6cb447,
3c62ba12,
b6a832de,
8e1adbe7,
df4bf06b,
06dcde89,
53c7e5a2,
0cf99072,
61c37e32,
669aa532,
3098f5bd,
d2da4b5a,
4365b72c,
576f9042,
d7755d98,
fdafc64d,
c3a9e7af,
f490f5f7,
f5e8ce37,
5fd731a4,
e0e39772,
c8fdf0b3,
442822f4,
daf3ae6f,
8b5e8d8f,
5125ced9,
23affc84,
c0b6a25c,
ab586332,
9b6380df,
ff7c90da,
e95a226e,
8fb00e3d,
a649a30c,
49304997,
cb5bb8cc,
b33ad82c,
8e5fc7a6,
ebfb9e7f,
3fa5e095,
983df30f,
414b72ce,
d5fc6c94,
5cbbe683,
49c071fb,
a1ecfaac,
a08873de,
e9cf140b,
f2100290,
6053e05b,
fda42289,
e626e0cd,
7ada2266,
b61bcad9,
1ed64396,
d4d8ba4b,
682761b8,
97330e2a,
a6938667,
7a12e6ea,
2f84d5ac,
6ca448d6,
aeb77851,
edcdee0b,
f4c2e188,
e38083e9,
0ec46cc0,
803f0434,
9e967657,
4f582624,
7a5881fc,
cbe1fbdb,
335316a2,
7f184339,
8c0c97b2,
3971fb62,
683e3a25,
c4f25315,
6bda1e84,
a4f6beac,
b87c14ca,
f5a47a9e,
8fd3e024,
bc3c5edc,
d4ed1d02,
475c32eb,
fe63da66,
95b97844,
588457db,
202a85d0,
8b080b73,
bf72c641,
6395379f,
dca2ac8e,
02ade848,
e1ebf6f8,
cd24a48a,
6fe4291a,
26a305b1,
99335942,
59567cb3,
dfca2df4,
cce9b260,
f571f77c,
667fd5ca,
6738b336,
71793fb4,
39cb5ff7,
23ae7560,
7a628f8e,
7370d461,
5c52a67f,
d0701833,
ba467250,
0f0b3626,
1d60ae20,
d6803051,
eddfbaea,
72a1da13,
429b5bd8,
af64aeba,
3729d54d,
5.67E+09,
8722319,
989c1077,
fcfabb31,
9a5e3092,
277874b3,
9a719efb,
91859da8,
09e1dcb0,
b3c8706d,
768678ea,
5b8a853c,
7d4c174c,
fb374a1c,
6b7c271e,
470544b1,
3a100c3a,
26a986b1,
4187a727,
5f719a57,
80439f2a,
9b69738e,
8ba9d0b2,
f2755c8c,
0eb2ab99,
9f58abb5,
c49479eb,
b111f7da,
d77a99f9,
28a518f6,
47fba6db,
bfc46767,
91497878,
6e3a6b81,
03073f58,
d81998c0,
fd390d03,
2d62fb65,
67e1688a,
de597a59,
e8cb1640,
e69e2e7a,
a9990ac3,
8d2521bf,
5fe4d054,
4a4e930c,
45e5b3b6,
0339508f,
b1f8b455,
42010646,
f92aa9ab,
cb72cf23,
e888aa2f,
419e7359,
ee269908,
636de916,
94b2c4c6,
4b6595b9,
e9c12cc8,
883b0169,
eb1c6e29,
2c2927ee,
8e886ffa,
dc0773bf,
5867cff6,
f57925ad,
94d0cd82,
1bec6dc1,
d45c0160,
30db9c88,
830524b2,
bf17a9ff,
a47df70f,
b0350179,
e67324cf,
eca93842,
4272682c,
e995d519,
5926e1e9,
810a6479,
fae790a9,
80a95752,
d2d35acb,
9ab5aea1,
70c4d5c0,
9e867ab3,
6c64e674,
8bf2117c,
8156d1f6,
451aab58,
f4915691,
c8732742,
ef5a30d0,
8f5e6adb,
f70331cb,
05aab4c1,
567612b1,
56e14d5c,
d8f7dc99,
e75822c7,
0c7abdfc,
659b4323,
ed10f1e9,
740733ee,
fc23ee7f,
c8a90f69,
f68a0b0c,
898bd792,
58fd62b4,
722c9621,
b1bf23a1,
904ba730,
7b73e5b8,
7bdb9c4b,
78997917,
0a35c8f4,
c7caf6e3,
d4b5848a,
89d8ff9c,
dfe48429,
88036fb3,
bfe1a622,
e249577e,
af22b75e,
46e7febe,
c3919b29,
793d8073,
28efcf1e,
5ec9020a,
95045fad,
b3c95526,
7.32E+09,
0c032586,
2918f5e8,
6a218b5c,
93d0a4bc,
c2d53e5c,
cd9621cf,
ef82a428,
57df28d1,
1bed64fa,
7c25b1aa,
62773983,
f107eb25,
ef3f65ed,
c4569d14,
fd9b9600,
e9533ebc,
ad9c5631,
10b4880a,
555ed646,
64437ce1,
46d2e429,
b74c0801,
018ef379,
f0277ba9,
9fae5555,
919d5d91,
e536f138,
1e9426f6,
7d706daf,
91321658,
0ad456e2,
234ea63c,
2c47f0f1,
bd3b65b0,
007e88fe,
a9ef7ff7,
e81de2f3,
559e33cd,
2ae8e605,
e85767e7,
c6e00bc7,
117bff87,
63caf442,
f2a3bc01,
98ae9976,
870fe9a9,
f26162ec,
4f64e8b7,
edfb4ebb,
f26a1cab,
7779f2d3,
5affbd7b,
e2cfbaf8,
2493d428,
bd244a24,
bd6e1de8,
1c5d2d29,
7c733043,
5baac3b9,
f2bd2202,
07b5725f,
49c34c2b,
0ff2bb55,
7fc0c164,
43672c9c,
e42a68df,
a2105a5a,
f809096f,
9271bdbd,
f6325ff4,
8c8fa174,
73123b99,
6a39e42c,
3b48046e,
654053ac,
be4c28ee,
dcf74f76,
b70aeed3,
ffcfa9a5,
3dac794e,
d7c323b7,
0f94a2bd,
47d85b0d,
d72f01b9,
4ab903be,
be97d5e8,
81aa3b1a,
bb8cc074,
f6198826,
5170e8a6,
2cd7908a,
a8d53417,
a37c0466,
58797cee,
8aa6cad9,
860876c4,
60997d45,
8300c85b,
d634c24c,
c686b922,
eb5d249f,
fad60575,
fe38a7e5,
828ce573,
6e5291bb,
32c7edc2,
406183b1,
6f4f30ed,
98ba1bcf,
1ae37792,
5f6c7c82,
57b8bbd4,
9e318b32,
93793fb4,
350330f5,
0512cf4e,
2dd888c2,
e9ab6802,
6ba3d53b,
e2e4e3a5,
4efdc060,
81275d70,
6880fb9b,
dba35ab1,
92189fd2,
44c51bcb,
4a47d661,
0ed7ce9b,
6dcf61d2,
2e4bfd68,
758d69dd,
2e37b1f6,
871684b6,
99941ba3,
9daba64a,
adcf8232,
42f7b312,
6.76E+10,
7.21E+14,
b505f006,
3cb356fc,
3d389fdd,
261971ee,
e2641d1f,
731e7edc,
d65568e7,
ffb3899e,
b8698b3b,
7781fab1,
ca44def5,
9c7de794,
c1d98da9,
5cdd4489,
b032fd59,
2cd45708,
bba76c69,
f29aadd3,
9e4fff1f,
a78b9ce0,
13b9060d,
4034a06f,
a8a21d88,
85132d0a,
b0d24c1b,
402a6874,
f63c5527,
ac0cba3c,
3c04f0a2,
ddd29804,
ac528ced,
1796778a,
e4bf0368,
c33960e4,
1e2c8443,
6cb8e3e1,
599e264a,
e49c9384,
a89c9c32,
ad8b7385,
c16491e2,
f8ff7fc9,
f863fa72,
1c78ea6a,
60164c5c,
92a260a2,
0164a090,
4c70cbfa,
8e7788b9,
9b490a7d,
fd21f51b,
0ca33c28,
71303ae1,
00e0f58b,
6565646,
6dc06e16,
491d748c,
df698773,
71fb57be,
aa9d68fb,
c9e3efe4,
8b84e775,
5d38fda1,
ff98ebea,
286b0003,
950daf5b,
f42aa55d,
df113670,
1e4a6eaf,
07e6cfdb,
101f8ca4,
191e702b,
9a7ee937,
4e6714a2,
f6876b2b,
496713af,
ffb31998,
f08ae08f,
aeb6acb0,
ab6ba011,
a4e00e21,
cd662f15,
76f5ae5c,
1ef75921,
74f0a140,
e6296f2e,
b8405bc5,
d3dae2cf,
476046da,
429bf1aa,
ec9d1644,
5983dc5a,
7357ba16,
3abb4b90,
26281875,
a2aeef3e,
578648f6,
e4208b85,
41d4f132,
753c3933,
f6ea80cb,
6e030fe1,
7c52f032,
9532a83b,
fc9d020b,
a3aef74c,
e69b1437,
ad1fa7eb,
83c08ce8,
d73a9880,
1f0720e2,
9e3eba82,
9958b690,
979c09c0,
90b5c79b,
2ec1c625,
ba0d029d,
b17ea8f1,
bb9ef990,
42757256,
2aefb4a5,
45ec4f01,
8141cbcc,
0ecea03f,
a429ee89,
dfbd015a,
881ff55e,
c011a213,
e46ff53a,
a96ea24e,
ad5a9b3d,
5f32f71d,
364b255e,
96e8a0d0,
a7988f7c,
98c1fcf2,
f319110d,
94c86544,
5985d00f,
9f4c3348,
02b94d6d,
f240bc19,
8ea27427,
5df642b2,
53645390,
f772b2b8,
11195073,
1ded661a,
e5e57e09,
66732393,
df04397e,
41b28ed5,
54ad84ac,
c4bb7a6b,
84001c0b,
1ee45ac5,
a692bac1,
1c7ab297,
6861e701,
7f67da88,
d0907b43,
95faf284,
56f8ca7a,
a6b173dd,
9c155bf6,
3b29b387,
2de3e9b0,
47a5d5ba,
550d358d,
b5f7418a,
13df7721,
76d8137b,
5684f9a0,
f694253b,
b0507ac4,
7843b05a,
b0f321ca,
473aca2d,
c237aafe,
670a3e87,
1b8e9764,
866477a0,
7d7b8346,
a3e80e82,
eb199173,
9ee763b2,
5570b338,
b4ed4143,
d5713ee8,
7321cc37,
980df031,
8fbf7718,
4187cccc,
e04791b4,
94aa89f9,
1bbb5e1c,
c75bc51f,
8ab791be,
01e907c9,
14b4658d,
0debe067,
f04f12c4,
3a9cd9c1,
c466dea9,
bd174bbe,
0b06101a,
8b4ff6c0,
dcf6fc96,
5667afe2,
22dd4cea,
322a1461,
9303895f,
bba577f4,
54b3d053,
7517b1d2,
bdbc291f,
2cfa68de,
e9ba1d90,
037b468a,
d5917e8d,
e58c09ee,
742f0592,
cec40ab5,
69a032d5,
56e54895,
04b4b85b,
c4f3f493,
8492002c,
fb5c88b0,
34967954,
15047c95,
f15c2aca,
5.35E+69,
c89447a6,
806cb219,
631b83e2,
e2fb192f,
7c5a220c,
eb69e65b,
e7dfe99c,
5da4d5be,
37c01d92,
59934611,
bfc10313,
2a413437,
8940d7d0,
15f807a4,
66ec0f68,
c63a39c1,
daa7cd7d,
5d6ac086,
bd388be5,
0e903cc4,
2093be43,
03ba8825,
91ef2c66,
4bf24947,
29ae42c2,
a66e134c,
17341546,
d7ad081c,
50492347,
28d8a600,
f3c20147,
8f01526b,
a196ac29,
74acdf08,
c768b8d5,
f7ebab0b,
6a92f05b,
b0813e42,
1459d0c2,
1f7a8b89,
daed0542,
cc09949a,
b9e0bedf,
e481c09d,
5c128b70,
0860b896,
344d25f4,
1b06655e,
b2db8e62,
7d9b949d,
c4269422,
f71a14f5,
365eddfe,
40bd3518,
32d337a2,
c54da146,
613f2911,
3390d391,
65d850ee,
1c640358,
b47560f9,
9ca4072c,
4ec47c40,
b1d4db47,
b1dfa6e9,
80aa715e,
321c2947,
d69f7d74,
416cf08f,
833fe6ea,
05d94298,
fbf936dc,
091688f9,
323ddb3b,
486e530f,
91c2290d,
79c3289d,
7328573b,
8edd84ac,
43b27e47,
0f8b621e,
e2f4e10b,
e33edd6e,
5c712a8c,
f09dcb7a,
f85449f8,
fd03f270,
2558e771,
3fde99f4,
49529fe6,
0e3eb3a9,
a468eac7,
de58bb57,
2a0e6277,
e01d9ed8,
a6ef2201,
0d1572d4,
b039c3e7,
7e57b119,
8805153d,
f3fa0370,
33498a42,
da4aaa24,
218650a5,
28c5065c,
d7885c34,
4a84f7cc,
8ebf3d48,
41473b25,
d3bea6df,
dd8e7a0c,
e363ef7a,
31b18ea2,
191ee06d,
be6f3de1,
59cb3d98,
c1ebcc95,
6bc02780,
efe23505,
ed6309e6,
fd842df9,
fa41b19a,
47f482d2,
67213ba2,
1812923e,
6b8a02a9,
9197eecd,
3871d16e,
ef4fcbf1,
0088109c,
82fc8399,
4857f8fc,
dc0c7f3f,
d906e60b,
ab3bb2ba,
994249f3,
8ddec462,
4fb84944,
aff51e4c,
fc69fc20,
1a710021,
6f10b840,
3d356e43,
7112e4b8,
324d5acf,
42565e2e,
ecedf92c,
350db7ba,
f52f7471,
7af42b83,
2762f99b,
5c6c8d68,
4fdd1966,
f933b27f,
d946d1ad,
c476aeac,
27863ae6,
ff4fcec1,
9d1a306a,
6749cffd,
b0d96c3a,
40f9f3fb,
b53cf2b2,
ffb33e1a,
5e5be00b,
9893ba76,
28de815d,
8d5ee5e0,
f958290a,
ed43a445,
5c7ae324,
4159a595,
54bf79a7,
34d2aabb,
34dca467,
396f94dc,
b7c28d14,
228cb989,
e5ce2adf,
567ba8c6,
b954fe5f,
5e8fbf7c,
6a3fd2a1,
c2b3e315,
997e491f,
b389a507,
273905de,
a8189eb1,
5970c24b,
a030aef4,
d6eb3b9b,
5f0dcfd6,
55ac6076,
cfd20abd,
cf40872a,
f3b87adf,
846d1cf4,
5581a147,
1fbda448,
8fed202d,
2f16b551,
c0d329f0,
f1086cc0,
d3c596a9,
ca1838db,
78c59614,
d26d1d27,
670c09c2,
f40fe2ce,
4930a79e,
b539c15a,
4a73eea0,
38d8c38c,
7db0e794,
ff2c2107,
58813f19,
37849cb3,
6736d143,
c234ddc1,
6c9e9f3d,
55b86f15,
fb4e6ce7,
3e4ee688,
4557372f,
53ee1496,
c8f44a9c,
f8453e51,
c221d806,
1917e0b8,
4e1e286e,
94c48c3f,
57a31ad6,
b1ace23a,
5b3c7cd9,
ea8fd8d3,
934113d5,
4fd8895e,
4ecd1394,
993559cc,
ce60ab37,
f2540292,
eb4678c4,
ae39b068,
367f96d1,
1d247454,
fb8b83e7,
3da73f55,
7c2fb236,
5b508b76,
03c9a6a5,
f3c6183f,
87bd812d,
d140ee70,
511c4677,
9ac2e662,
f26c92ce,
d713e511,
a082d046,
41aa5516,
4599177,
3aa4edca,
48058f80,
4cb64901,
97d85017,
7e36e451,
c3f4a516,
83372bf0,
5c4ef9dd,
846062d6,
2bdeadef,
d849aa2d,
931a2a1f,
9ae9218e,
2d69ac3c,
b6afa61e,
6082ab4e,
1cd51883,
2fddf3a3,
e8459824,
b797151d,
bd91dce5,
75e2bcb5,
a376fd0a,
6f5eb5f4,
8717e74b,
6b3a03ee,
ce19816c,
e57c64c5,
b4ff0572,
fa3ae2de,
af6f3ec8,
ad987f97,
1c0a1348,
b4fa54ba,
b4d612d6,
fe13a2ed,
9a0cc030,
ac600f27,
507f33ac,
8a379e28,
19cac3e1,
6adb2652,
8bfb77e0,
622be6e7,
1d16b4a7,
4dadf295,
663cb650,
49b5c4c5,
8ba97042,
765c9cd4,
30c6dad6,
53935ff1,
d891017c,
750f79d0,
e83fb225,
655672b5,
ee12c3fa,
1357bc30,
f32c1c34,
1394a22c,
bd050a4e,
bfa21223,
a88ef63c,
f726ad07,
b7c7ea94,
7fd7d4db,
e24b0508,
4952243f,
6415c2c4,
9a5a34a0,
d5c41406,
3b4c481d,
3a432359,
2c18c455,
c35748b6,
3aa1c944,
0b5faf98,
1.29E+76,
dcf3af40,
af83987c,
be67d4ea,
7d247d6c,
218012d6,
35fd4d4f,
e50aea14,
2cf3eb36,
9e97e069,
8981bb60,
e6aa3bb1,
841f7b98,
2dd5583d,
31ca7cf2,
33551f78,
ffef5f6b,
e529b67b,
0f047a04,
6248644f,
eff904a0,
2a6f1a43,
ab2cfec9,
ddf0092f,
de351321,
25ae78a0,
416a4b5e,
7be7e4cb,
70b2cc4e,
62f23257,
becb9167,
248be600,
8f94de6f,
8a6019d6,
7728fb89,
d3318f72,
d868e6e0,
928e4e53,
1131590f,
1fcc454f,
b8305510,
166c40bd,
b0534140,
249e4c89,
6c9e6f61,
e3ad02c8,
04c2a2ec,
549e10e5,
d933dbee,
a69496d2,
f855188b,
7352389,
49240bc8,
ff3e8ff0,
c67f4cbb,
f85d27ca,
5665d192,
3a347875,
7cff3028,
a703c3ed,
65721c03,
49c8985b,
fc8c92e6,
093d7527,
ae64bfb9,
e59fc3c4,
e6f8b007,
8d9f5bc6,
ff5f79b3,
4d226eeb,
fc8ddcc8,
ab05ef76,
f29007f0,
0b0a0510,
b2f60f2b,
b71252f5,
5d390f15,
d04f8a4b,
184fef88,
c93846ee,
5817c0d5,
63e04152,
f4c89a58,
d73a91e3,
8a3b2511,
2754ecc0,
efa896c6,
0743d096,
d6d7752f,
e33ebe51,
8a4402d3,
789db6c0,
8a78651b,
14b7e1ab,
073fb21e,
3e1ef5fa,
0d8040b0,
ef949cb4,
f1a96ff2,
be2831db,
8a7dbd6c,
3e0ea9fe,
f48dce9e,
b0ef1a0b,
c5a15e9c,
3b1ab71b,
4c773370,
abcda93c,
ddebee3a,
a2de72fb,
397c2364,
ef2e4487,
11e41902,
ae06a226,
cce0a21c,
fdf9388b,
babc69f4,
a18e083b,
d0884ed4,
87969da8,
43d224bd,
ec25a863,
673044a6,
297be918,
4d2b3486,
ac057464,
9fd950b7,
e8af891f,
ccac54a3,
558a9dae,
4e7f6b58,
59aad40d,
1251795e,
cc9d36f0,
72d21375,
38fcb341,
b07773ee,
84e732ca,
c105f30a,
1.80E+303,
dae7e4b2,
b414e643,
44881632,
74ae8370,
e23a75ff,
5ff775a1,
9a21265c,
be48d3b2,
97713122,
7eb27aaa,
0337f56d,
2a5b260e,
acec835b,
1efa162f,
684c35fb,
3569d95c,
0cbe1e1a,
12a769be,
9a77fb44,
adac1bd2,
7b51f4b1,
8eba1f11,
1e4babf9,
dd418de9,
f62b1f47,
cc221fc1,
2fa61820,
38939bc9,
69c027d3,
ed76adcd,
47fa107b,
9e21b926,
67a6868f,
63f4c3cc,
54ccaea8,
5ad99e49,
56fec1bf,
e4fe118d,
b5095ceb,
d160c943,
64fb3f33,
b3f23256,
0cae648c,
2824bbab,
1fe6a781,
5dbdd852,
69b6c46d,
063c3dd2,
351f4b0f,
ee5b39be,
c0ac9b30,
fe1b689f,
215b9917,
b45200b7,
3d506c13,
45faa3b3,
f0015905,
b6d3f5cc,
cad2766a,
5b5c1221,
bb5ef2b7,
a0b1bd6e,
8586a805,
27bdfa50,
22255b47,
90e8b2ae,
02b0a94c,
d78a4e4e,
3af6c438,
1dacf731,
4828fe1c,
28c20852,
ed22d3a8,
61f81f7e,
1e57de58,
4fdffcc2,
46684819,
7e0e5c97,
11548c2b,
cefc3554,
65b15f95,
d89f1237,
9ff38cf9,
55a99353,
77b50b0f,
11e2139d,
4cd19702,
b9d8b8b2,
09ae8ed0,
068a3d90,
042ab7cc,
61e9601a,
66d0bc67,
be18af31,
3.89E+250,
c8781b2f,
8f89b14f,
ae28c9f9,
d5649c6b,
4b6a817e,
6fac35cb,
266c0016,
efb816c2,
e80d1735,
e4d334ff,
22d154bc,
c52964c9,
51a5b03a,
94855a81,
de89386b,
dbf261dc,
f5672f95,
bbb996cb,
dc92a5d9,
87c46021,
551e6b08,
6d3d4eda,
588f3b10,
1db7aba0,
5e86e6c3,
278b67ec,
dad2b7e2,
7d447e63,
1afa8d43,
66cb6b64,
70ec48df,
b57c8aba,
3ee9b736,
ba1395f3,
beb948ff,
5ef45a76,
e19b6fb4,
66a7cd89,
c90cabb2,
54fe1309,
cecf2899,
1edefe78,
1415711c,
00c2b2b2,
90338cda,
00b8fae5,
611d241f,
5490ca95,
f7662bd3,
59ca110c,
a5b964ce,
29f1889c,
3e52ba2f,
a5103c16,
301c399d,
ddf248a1,
b9ecc6f9,
a44a0b29,
9ed58e30,
c1b3e498,
243c9aa9,
c632fee2,
87f9bcfb,
51d1864a,
b1b58a65,
fdac9a58,
5867ae34,
34672879,
c32d1aba,
64c5ba2b,
785aea23,
ae5448b7,
65a42ea9,
eba4a954,
c6a7380b,
a1c71984,
496a4947,
9d7c2a3a,
b2c6c95c,
254a7083,
08581a9a,
d37bc2d9,
4f97ac9f,
a91c37b3,
852e3149,
1357913a,
1d519054,
eeaf6fe5,
2f3e9bd4,
d8f05784,
e2fd7e63,
cbc65185,
12309105,
ae498683,
5a86187c,
6dfe3e46,
2baa9ad1,
5114a979,
d5781d4a,
c5dd215c,
dca8093a,
fe504b36,
b7cd96ec,
36afd3f5,
dc580f22,
2fbf70db,
9099095f,
4b3191f6,
2.27E+10,
54156c1b,
68bb36ed,
db0f5d24,
7d3b3f84,
f47c0df8,
27e5c948,
a827bf47,
fc817c59,
bfe20d5b,
1206e99a,
c285f365,
08c599a3,
bf310e17,
949409f5,
fc21fc4d,
e8c69cd0,
0b8d3301,
de0137ca,
8eb4ee04,
4d149f04,
fe21e3e3,
07d503e8,
caa564b7,
4909d3b4,
64663bea,
c6499664,
1f1ead87,
33b690d3,
6a36476d,
eec64d9a,
40126558,
ab216290,
6740aa07,
d5001102,
ddaae181,
8b61041b,
34cbc969,
8296a227,
1ae3207f,
14e8d0cd,
50e432ee,
29091216,
bcc93a8d,
87942f36,
4c0c1230,
dd5db05a,
6b32f5d7,
5e250445,
423ae7fd,
6dfeb375,
c88d4429,
70d95183,
1c6603f2,
23743d5c,
5a8eacd0,
17f350cc,
ad8536b2,
a9abd116,
05dabce7,
d071a76f,
8da5a26f,
44cd212e,
bc205283,
f43a0da8,
6a4ac670,
16208ff4,
3f6481b9,
b4704209,
3f7741f7,
0a8de6e9,
9fcf7261,
ba6294bc,
8e8a0ef3,
92748dfa,
afab454f,
38109656,
9c9d5a89,
04dea421,
89cd4f9a,
33a2b242,
6f197a91,
3e3b890f,
8e52c18e,
bdd85837,
699b54e0,
8bcdbee4,
07c3e854,
56f07e19,
6df70f8f,
f6c9634e,
6b4947ed,
62682096,
a098b677,
0fc1237c,
b5a8219c,
4b713c51,
ef1785e1,
c72556e5,
414f3fc9,
f5f009c4,
52a6baa8,
078ea178,
9f77c735,
f47d6846,
1d6a88e7,
1a700f12,
9abc1a38,
0d9bc65b,
06c49724,
32dcc907,
69017d99,
745604b6,
58364599,
1d5eb880,
724b476e,
943dd84e,
0e43018b,
76e8fdcd,
4d49be83,
f499c7b0,
7639ef4e,
3e358a01,
0e89bcf1,
2ba1db6d,
d68f5964,
1f2582b0,
e3588c75,
debbef41,
af87ee7e,
4b5facd5,
f7ac7f96,
acc3c2e5,
ffc379be,
83de55f1,
4043be1a,
0755e09a,
27df38c6,
e7115630,
49718027,
3f145bd3,
df430630,
8f02a023,
9282c2db,
17cc5ef9,
4561ccca,
df7e7176,
d16fc515,
62678f53,
c3a324a0,
532f19c1,
e3ddb3c9,
eee800ea,
6c300efc,
6011b909,
c2800950,
73551493,
d2adf1ea,
cbc7f35a,
a7ef53b0,
15b56fa3,
594dab00,
ea256822,
99d38741,
c450138f,
3ac61db4,
31131491,
a770c6f4,
023b1617,
b646c3a5,
d253417b,
a60331fb,
fad2bee0,
b749efac,
cfd32082,
5def4154,
58aaf0b3,
6e9f050f,
61ba89c0,
dd7ed23f,
29a06e61,
2f87d22e,
ad3e3c04,
68e847d8,
e9c90a0b,
a244fddb,
00c783b7,
0fd3177a,
488a4be0,
a80ccd91,
655d9655,
a28a1f08,
ba9313d7,
e0c0f828,
531025ae,
cd56f489,
475f759d,
3eecc36a,
7ff5a6f4,
d2577c9b,
ebd872f6,
8e4ec66d,
99de0c24,
8f739b66,
16105a8c,
0fec4f97,
d3f2c195,
74dc006f,
02a23cb9,
68d5f9bd,
7b21625f,
061843a7,
e6d81ae8,
f833bbd8,
a438f68d,
14d12b24,
345f1220,
6c3a390d,
aee01161,
38ff1962,
802aa1eb,
d88314ae,
8d4f5223,
431f1aad,
565e50c7,
ea830527,
fe11e612,
9e381722,
62e63df1,
525ba47d,
4b0e47ec,
d76eba3b,
36db8f12,
6554b233,
df126c66,
5a78d0a4,
8bb3dbda,
2f4ea46a,
3a7f59a8,
a756c71a,
38109de6,
556f2842,
4f9960bf,
a9a436fa,
92cc0304,
3352f5ba,
ee85ff95,
0191fe68,
5b3b8097,
dafa8f9f,
6e5beea5,
b4edc6f3,
a313c8c8,
f0c689c7,
0a8ab24a,
852c90ac,
67d0b3f7,
55781954,
f22ace3f,
ef8ef6f3,
81708b09,
746ea4f1,
cf5a8a59,
5b87b0eb,
6ed6ea2c,
44be5917,
c03f2d03,
1fc7a336,
adf6e2a7,
a879cff6,
0e0fda9e,
51bae342,
f6aa9ca0,
c80e7f0d,
0f61e12d,
204f78dd,
802bf44d,
d3bb79ab,
07f73a8d,
d7fce329,
d64b49d2,
28f9e6fe,
6858473e,
68a5c437,
1afffd3a,
3c59d6d8,
1476b5f4,
868a7682,
218679f4,
2620891a,
87a34791,
42ddc57a,
c1c5ad07,
60b2df72,
dcb96143,
c21729b6,
53a7f5ea,
fecfa104,
57500aad,
025866cb,
50230b20,
4fbf450a,
908d0943,
96ec040c,
f0869692,
a664fe54,
1d4cab5f,
e4c04418,
7407af6a,
08be4774,
f14c254c,
23f0a9b2,
bc45681e,
0e3e0fa8,
c2bfc9e2,
1d488bb6,
c12e8653,
a393f44c,
e8443843,
8eaf8121,
47ff9b3c,
1a8d200c,
05421ade,
2d2cac65,
dd875070,
44a33890,
f55d4579,
b9784779,
1432526e,
a9088a4a,
7fc55d4a,
4083560a,
2cd6de29,
f41b31b0,
4b6e6c09,
ba44a054,
2956ea87,
e34c121a,
e92ea72b,
d4a4a9b1,
83eab936,
34057977,
248c18a4,
9f1c726a,
ffcddb92,
8a9d99ab,
d6427379,
d90a8c20,
c5738215,
e73121bc,
c6cad31b,
161943de,
307eee98,
bbd35315,
662790d9,
3ed99a51,
d525bc82,
a90f6e19,
90e839fc,
1d8981eb,
83ef5a35,
be3bc829,
6963b7c4,
b6321153,
f4da30d2,
80011ddd,
e7e7a02f,
80a8195b,
ca492a9e,
fbd562d5,
6b68cc51,
2e2c67ea,
7f13cbfd,
1b9eaa02,
36a9613d,
5336f3fe,
844aaafa,
9d9f4b9a,
c9bc16e4,
3505562c,
03b64045,
73a0734f,
30139091,
8dc01483,
cb685ca3,
47a99571,
26ecc778,
3f8066a0,
7f0a3f4f,
46cf06db,
217b38d1,
e0f2458e,
ce34ddbc,
3476d82a,
e84fd9ec,
9ba0086e,
31f38e95,
520b53ee,
fd6f723a,
262358f3,
3372346f,
db6f372e,
08b718f8,
d32204d6,
ba225d85,
57987b24,
baf358ac,
505da912,
63ce5ac5,
f27f0cc7,
37ea2b7f,
6d58e7a6,
ca664f93,
40f29dae,
ad1ccadc,
1ee509e0,
08980e0d,
b66eb03a,
7db4b5ea,
a3f718d3,
d9bc75c9,
00955cec,
771c1ce5,
cbb8ee1e,
420b678e,
01fb70c0,
b3cd1c70,
7502ae21,
fafd94eb,
b10e289a,
2af8788a,
36740b39,
bd549036,
ac487f4e,
34519c75,
62369cbf,
f38af44f,
36d39f62,
766ae259,
77daffc0,
d7d66476,
97791844,
7256a44e,
9205efdb,
8b86f448,
980dd81f,
3556cd6e,
0a57ef21,
0181bd23,
14a8b279,
41d12a09,
1d4cf335,
9978f962,
88edee22,
f9718d5c,
3654b859,
0c7b4087,
bfef1757,
900f87de,
75c58b2f,
15c9afb7,
f88da93c,
ee6b0604,
8149dc42,
bd6f4547,
383a7cad,
950d61e3,
c11efe80,
09861c3c,
7befba9d,
d6531d38,
81d0394f,
8e0f7afc,
2c456bef,
8f674d9d,
b9683ad4,
aec07e38,
9562f2bb,
51c0dcbf,
240f218b,
32324a40,
e48ced76,
22d7bc2c,
ffaf9325,
916a3411,
91782567,
41fb4d49,
bba57ef1,
66a3e308,
ae188c79,
d76cfeb4,
fedf4a35,
7212e624,
5aa494ae,
3f0afa3a,
14e54272,
6a975a4a,
0cea5ec1,
afabc977,
8b9a636a,
0dcfab7f,
bf25ca10,
d1818b7c,
788389b4,
74c74056,
5aceac1e,
f0569bfc,
6d4e8226,
4dcab7a2,
56ae4f1f,
ea8967f8,
35473c94,
6c3e74b5,
910e39d1,
e2c591de,
ac4a81c8,
a4a32af4,
c60d6b45,
ee84e265,
e8033825,
072d70a4,
813f56bf,
ca39f1c8,
39eaffc8,
8e7e4265,
4bc97c2b,
c8caede4,
067aaa2c,
eb279dc3,
483dbf99,
0b2bcb76,
45aa75a3,
6e78ac72,
9d77c6d5,
cc3ede68,
17b61331,
ddd61722,
56fa9b3a,
2201606b,
3ca7e8af,
49b425e1,
b84eab9a,
6b189724,
20b53b3a,
1cc71699,
e00749c9,
be0d9acc,
6058f63f,
edcd113c,
15e419f5,
8c9e8f57,
9e503058,
845bca97,
d920db3e,
0e475a50,
3b777f41,
0d8d0ca6,
8e772a6a,
57992142,
2a881fca,
993533fb,
8af9fba5,
ee8760bd,
fb9af2f0,
eb49c5f2,
3157a1a3,
a7d352ea,
3.47E+92,
fe542a4f,
485e9bbc,
a9311647,
15e43c7c,
7515f5f8,
5da85d8c,
8c206f2c,
16418fe9,
e32e7a93,
d3a5fc5a,
6f7e4ecf,
423819c0,
702ec023,
d80b57c1,
cf352c1a,
2e28cb8b,
f2764511,
f33c5438,
1ab75063,
51c0a0d2,
ad37820b,
9b21f1d0,
cb6c53bf,
a4c7c0a4,
a3f78d4f,
fdf92ff1,
12994695,
b216c8a5,
7aba3f49,
d87e4068,
6cda5696,
d5543dc4,
d9c11176,
3dc03c3f,
0a569dbe,
b0d6c5e9,
468eada9,
4ff43ba9,
5973ac4f,
320981a9,
35aba014,
eb306bd5,
bd7e6ea1,
6a6f3484,
e44f09c0,
5b07b959,
7f3360fd,
681b8dce,
1d3bac80,
9184767a,
54cbaf15,
ee2edb76,
8a34d0b4,
70b52740,
8b15a52e,
6c648c20,
98a3cf83,
bb7f2213,
72c5e8ea,
2aaf6890,
2a3b898e,
5e1f9a9d,
e72564e5,
e8aee38c,
8f9ea036,
5a9d352e,
b65aee64,
9da54eaa,
01ce241c,
0c22be55,
4dec59ea,
a5f7b928,
21dceaa2,
eb04dad9,
d2116929,
34c72503,
a5832b36,
c22fdfc9,
e9632fa4,
30fc240f,
5247131c,
babca4f6,
99e2bd18,
c9174c2f,
4f81747b,
b2e332d7,
c626241e,
64757256,
06bbcaf7,
eba97190,
9476c347,
035c79d2,
d3c7c5e2,
83423b81,
b8130bd1,
b30cff1e,
f883065d,
a8eedfc9,
2a6bb6d2,
ee85895d,
bc14770c,
347ec6dc,
e71a97c4,
95e17b14,
a0e73133,
de15de0c,
2ed01491,
413352fe,
a40a973c,
8e72bb9c,
258ee117,
853c4996,
3f5b053c,
aa80c341,
b7d99d68,
5fdb34c8,
5c5c308f,
84da56d1,
599ef483,
ecebb6e5,
1a09b874,
a2ff5cee,
77dac6a2,
38f8ef56,
af866bde,
4307eea4,
47c4b5df,
50b73e51,
94115619,
f5585506,
6d1b09a6,
26bef896,
3fd26d2e,
f30ae7fc,
c7078e24,
6a27f1a5,
ac2e55c1,
569057d7,
249bfb66,
b5b47e7f,
859b90e8,
cb616dcb,
a1d82e68,
b6af8cb5,
9f3ac8b6,
8e7ed177,
3a171c3f,
c569a5b5,
0b3df90e,
b44c59d3,
80b1c089,
f9040388,
adf56e8f,
17c297fd,
7e62b92e,
d31062c7,
21ebe328,
9d258f24,
d6f80cf1,
70be36f7,
a1be1f8e,
16950750,
b78926f6,
0420f31c,
9a054257,
6cba1851,
0f4310de,
4424e5c5,
8b1a480a,
85b5178b,
0cea29c6,
85bebe7e,
aab0a9e3,
e31a1ee0,
bd4ae8e9,
b8960985,
a8a93769,
ed22ac7b,
0d6c727d,
cd372b94,
ba228d5a,
a64a29c5,
b0b3579a,
f30f4bc5,
d19fac7c,
fbf17cb8,
88ed8bf2,
ff3b5182,
9e201c07,
627bf7d7,
8a00ac70,
d6f75bbb,
3209bbcb,
c0e4d2d8,
74479497,
633e3a0c,
bbd1ab23,
f3f73954,
3deb85e1,
cff0e251,
0bf204b8,
d5c6ef2c,
2014ed67,
7a3a993e,
495917ee,
05836dd3,
69cb6e2e,
51e43b34,
e542077d,
52832607,
119f4f73,
f41b3047,
24d6a07e,
6384b6d7,
9fab8896,
cb09b479,
24a59091,
b0f09ab1,
69a57fb8,
7681673b,
4a4ce277,
4da804ac,
2a281278,
66b43da3,
06b0c592,
ef3e720f,
4068d4f6,
c85273f8,
7ade2a31,
4d407934,
cd6fb38e,
bf57ad35,
79042600,
e2fcd70f,
cdc6009c,
a545c281,
17b84ff4,
b84d92f0,
904988eb,
7389950e,
4e3f4565,
0e686076,
77309428,
91b26fa6,
9b181db1,
8aac817b,
bd91adb5,
03e6573e,
b4fca22d,
e7d42e93,
2a44f5fe,
551e6807,
e700b2e2,
cd6412f6,
7c146316,
bc805392,
ed64dc71,
846eb21e,
2c0fdaf2,
6258eb47,
f8453d9a,
9e14bb7b,
ac0eff6c,
7b00e74e,
21fe224f,
64d845bd,
6aa132c4,
29c66c88,
6c4ef208,
9c17c702,
49d6c9be,
4687c7bb,
611fff41,
da08fbcc,
0934055a,
99d6b4b3,
f7f239d8,
e0c9a0d0,
da7f1ae1,
2892050,
bcfb142b,
6838c457,
f3753529,
b56055b0,
24860b54,
45992618,
11db3fbf,
e3ae671f,
8ffb617e,
10019877,
f955cb15,
03319c06,
678e07cb,
cc2d6f44,
9b237830,
d19b0865,
432874c1,
56e94832,
11562d9a,
4323be8d,
e0f12ea3,
c37b2415,
3160e6a6,
d1109fb3,
e1ac1380,
bd3f03d6,
799cc02b,
ebbd337a,
fef71174,
28b5c757,
96fc75f0,
75f0274a,
4f477019,
eb40add7,
105598f5,
fab2344a,
b02341ae,
2f8fc850,
1f799d08,
120dde5e,
0857b500,
7f3078d2,
54b471ed,
2fb8f1ce,
857bbc96,
a3a7e2bc,
b229c3a4,
7d52d713,
44ab12fc,
07226f6e,
fe150681,
c643593b,
8db8d4cf,
29f8e377,
280d564f,
b1246945,
61f69657,
dfe51633,
a77006f9,
299701f5,
d3746818,
8bc415a2,
9af87cfe,
8c764ec6,
3f0ea6e4,
211cf93f,
e2cdfad5,
f466f4a8,
8f980130,
ad5873a2,
e0a49f6f,
2bbf2ad4,
dfe5dd9d,
9b848898,
e78c0c33,
ac1aaaa0,
8632edf6,
3fda82b7,
de18c529,
93bbe170,
df29d9e4,
ea5b7f8c,
a96100a7,
45e29d4f,
99915d18,
d73eec96,
f3955d0c,
29684b52,
8e17ea0d,
9f0b9a2f,
7b715858,
e087ab46,
71fb9cd0,
f204cdcd,
a2f3f311,
b64ee43e,
99f716db,
c89c040a,
94ef5ad4,
4b858ee1,
22e2a635,
2e025b79,
e90c867a,
34882313,
b424de84,
10dec756,
27a755dc,
5eaeecc4,
d00c0b0d,
563df120,
7ed9775c,
a9bd7434,
5ec6d406,
b434879e,
f5ebf28d,
6c3c21bc,
f31da0a1,
bb86e469,
cdbb3317,
a4ef4509,
f720a72a,
b87fb94a,
0b6b233e,
4780af9d,
d2e77c97,
6ee095f3,
83797d81,
52032af1,
78765bef,
f0f9010a,
72c2e7cc,
35051b2d,
9293234e,
f39b349f,
a46c1d98,
95f4aa3f,
a7fd551e,
74d5762a,
dd0e5e57,
844e034a,
33ae9024,
669faf54,
d64e230a,
dc3a1460,
afae1298,
dc7bb362,
a15542f3,
9f12c319,
6b4287c6,
1cb5df2d,
8e6673cd,
79dbd26d,
205c0953,
f18d3b58,
8dc6fdaa,
9.18E+13,
98ffae4c,
e213a7b0,
a7870371,
5ba0ce0a,
70e251df,
f4c2a809,
b11eba0e,
3d2b5837,
18709091,
232adf11,
391721aa,
4dd2af36,
de9d0bff,
99acd7cf,
b84f1b40,
c12423ad,
76aba7e1,
6db91190,
8617bd74,
68930884,
902fa096,
72a535d6,
f5baafb7,
24a4c198,
0b2918c3,
26a75ad9,
8689eeae,
3cf76fb4,
dd09c785,
02ff1f18,
acb8040b,
904d18ba,
79df85cb,
df6a5355,
f082464c,
1e948a0a,
367a9a5b,
8879e50d,
d468bfe3,
2d3ef7d6,
2.13E+18,
730337bd,
3e8bdad5,
b3f44e49,
d9e1007e,
0ad776f3,
b333cff9,
7e1550a4,
2425a337,
4e91feab,
010ef9f0,
e4b26d3d,
8acf5ef7,
a7bfd931,
8ae30ce6,
de27ed88,
66d5196f,
d85f1858,
16dcb33a,
eca3158e,
08daeee6,
e9c513ee,
b1519fa6,
dfc89540,
8fd8c0e9,
45df6347,
bf7928d7,
7b587c05,
c2834388,
146143c3,
d59aee00,
cbc0b93b,
088e2ff7,
673d33cd,
674b031e,
43db4207,
1.57E+06,
ac96cfb0,
fe45aef5,
16ee9b50,
5a599eb7,
df30d6dd,
18af95b1,
27d788c8,
